Ciudad,Fecha,Temperatura
Bogota,01/01/2022,12.9
Medellin,01/01/2022,23.9
Cali,01/01/2022,28.4
Barranquilla,01/01/2022,29.4
Cartagena,01/01/2022,31.8
Bogota,02/01/2022,15.1
Medellin,02/01/2022,21.5
Cali,02/01/2022,29.9
Barranquilla,02/01/2022,31.8
Cartagena,02/01/2022,29.2
Bogota,03/01/2022,13.9
Medellin,03/01/2022,24.5
Cali,03/01/2022,27.3
Barranquilla,03/01/2022,33.0
Cartagena,03/01/2022,29.7
Bogota,04/01/2022,15.9
Medellin,04/01/2022,22.8
Cali,04/01/2022,24.7
Barranquilla,04/01/2022,28.4
Cartagena,04/01/2022,31.7
Bogota,05/01/2022,15.9
Medellin,05/01/2022,24.1
Cali,05/01/2022,26.4
Barranquilla,05/01/2022,33.3
Cartagena,05/01/2022,30.0
Bogota,06/01/2022,16.2
Medellin,06/01/2022,23.2
Cali,06/01/2022,25.0
Barranquilla,06/01/2022,29.0
Cartagena,06/01/2022,28.1
Bogota,07/01/2022,17.0
Medellin,07/01/2022,25.7
Cali,07/01/2022,26.8
Barranquilla,07/01/2022,30.2
Cartagena,07/01/2022,32.9
Bogota,08/01/2022,12.2
Medellin,08/01/2022,23.7
Cali,08/01/2022,27.9
Barranquilla,08/01/2022,32.9
Cartagena,08/01/2022,31.5
Bogota,09/01/2022,12.1
Medellin,09/01/2022,23.4
Cali,09/01/2022,28.2
Barranquilla,09/01/2022,30.7
Cartagena,09/01/2022,31.2
Bogota,10/01/2022,14.3
Medellin,10/01/2022,25.5
Cali,10/01/2022,26.6
Barranquilla,10/01/2022,29.3
Cartagena,10/01/2022,29.0
Bogota,11/01/2022,16.1
Medellin,11/01/2022,23.5
Cali,11/01/2022,29.4
Barranquilla,11/01/2022,31.6
Cartagena,11/01/2022,27.9
Bogota,12/01/2022,14.3
Medellin,12/01/2022,24.8
Cali,12/01/2022,29.7
Barranquilla,12/01/2022,29.0
Cartagena,12/01/2022,29.3
Bogota,13/01/2022,15.4
Medellin,13/01/2022,24.6
Cali,13/01/2022,25.0
Barranquilla,13/01/2022,29.5
Cartagena,13/01/2022,28.8
Bogota,14/01/2022,14.4
Medellin,14/01/2022,24.5
Cali,14/01/2022,26.9
Barranquilla,14/01/2022,28.4
Cartagena,14/01/2022,29.6
Bogota,15/01/2022,16.8
Medellin,15/01/2022,22.5
Cali,15/01/2022,29.1
Barranquilla,15/01/2022,31.0
Cartagena,15/01/2022,29.0
Bogota,16/01/2022,12.2
Medellin,16/01/2022,23.1
Cali,16/01/2022,28.2
Barranquilla,16/01/2022,32.9
Cartagena,16/01/2022,29.2
Bogota,17/01/2022,13.8
Medellin,17/01/2022,22.5
Cali,17/01/2022,24.4
Barranquilla,17/01/2022,33.7
Cartagena,17/01/2022,29.9
Bogota,18/01/2022,16.7
Medellin,18/01/2022,24.8
Cali,18/01/2022,26.8
Barranquilla,18/01/2022,30.1
Cartagena,18/01/2022,32.8
Bogota,19/01/2022,12.4
Medellin,19/01/2022,20.9
Cali,19/01/2022,27.3
Barranquilla,19/01/2022,29.4
Cartagena,19/01/2022,27.5
Bogota,20/01/2022,16.6
Medellin,20/01/2022,21.7
Cali,20/01/2022,25.3
Barranquilla,20/01/2022,28.2
Cartagena,20/01/2022,28.9
Bogota,21/01/2022,12.1
Medellin,21/01/2022,22.6
Cali,21/01/2022,24.4
Barranquilla,21/01/2022,32.3
Cartagena,21/01/2022,29.6
Bogota,22/01/2022,13.9
Medellin,22/01/2022,22.8
Cali,22/01/2022,25.8
Barranquilla,22/01/2022,30.4
Cartagena,22/01/2022,27.7
Bogota,23/01/2022,13.6
Medellin,23/01/2022,21.6
Cali,23/01/2022,24.3
Barranquilla,23/01/2022,31.2
Cartagena,23/01/2022,27.2
Bogota,24/01/2022,15.4
Medellin,24/01/2022,22.1
Cali,24/01/2022,26.8
Barranquilla,24/01/2022,30.1
Cartagena,24/01/2022,30.2
Bogota,25/01/2022,15.2
Medellin,25/01/2022,25.3
Cali,25/01/2022,29.9
Barranquilla,25/01/2022,30.5
Cartagena,25/01/2022,30.4
Bogota,26/01/2022,12.6
Medellin,26/01/2022,24.8
Cali,26/01/2022,28.1
Barranquilla,26/01/2022,29.2
Cartagena,26/01/2022,28.2
Bogota,27/01/2022,16.1
Medellin,27/01/2022,22.6
Cali,27/01/2022,27.7
Barranquilla,27/01/2022,30.0
Cartagena,27/01/2022,32.4
Bogota,28/01/2022,13.0
Medellin,28/01/2022,24.9
Cali,28/01/2022,28.9
Barranquilla,28/01/2022,31.0
Cartagena,28/01/2022,29.8
Bogota,29/01/2022,12.3
Medellin,29/01/2022,23.9
Cali,29/01/2022,28.7
Barranquilla,29/01/2022,31.1
Cartagena,29/01/2022,29.3
Bogota,30/01/2022,12.2
Medellin,30/01/2022,20.2
Cali,30/01/2022,25.3
Barranquilla,30/01/2022,33.5
Cartagena,30/01/2022,31.4
Bogota,31/01/2022,16.4
Medellin,31/01/2022,22.0
Cali,31/01/2022,24.1
Barranquilla,31/01/2022,32.8
Cartagena,31/01/2022,31.4
Bogota,01/02/2022,16.7
Medellin,01/02/2022,24.6
Cali,01/02/2022,26.2
Barranquilla,01/02/2022,29.1
Cartagena,01/02/2022,32.3
Bogota,02/02/2022,15.4
Medellin,02/02/2022,21.1
Cali,02/02/2022,24.9
Barranquilla,02/02/2022,33.1
Cartagena,02/02/2022,27.2
Bogota,03/02/2022,12.1
Medellin,03/02/2022,22.7
Cali,03/02/2022,28.1
Barranquilla,03/02/2022,30.7
Cartagena,03/02/2022,30.6
Bogota,04/02/2022,13.2
Medellin,04/02/2022,23.4
Cali,04/02/2022,25.1
Barranquilla,04/02/2022,32.6
Cartagena,04/02/2022,28.8
Bogota,05/02/2022,14.6
Medellin,05/02/2022,23.5
Cali,05/02/2022,26.5
Barranquilla,05/02/2022,29.7
Cartagena,05/02/2022,30.6
Bogota,06/02/2022,16.0
Medellin,06/02/2022,20.2
Cali,06/02/2022,26.0
Barranquilla,06/02/2022,30.2
Cartagena,06/02/2022,32.4
Bogota,07/02/2022,14.6
Medellin,07/02/2022,24.2
Cali,07/02/2022,28.6
Barranquilla,07/02/2022,28.8
Cartagena,07/02/2022,31.5
Bogota,08/02/2022,12.6
Medellin,08/02/2022,24.7
Cali,08/02/2022,28.6
Barranquilla,08/02/2022,33.3
Cartagena,08/02/2022,27.7
Bogota,09/02/2022,13.9
Medellin,09/02/2022,20.2
Cali,09/02/2022,24.5
Barranquilla,09/02/2022,28.1
Cartagena,09/02/2022,30.0
Bogota,10/02/2022,14.2
Medellin,10/02/2022,23.6
Cali,10/02/2022,24.0
Barranquilla,10/02/2022,30.0
Cartagena,10/02/2022,31.1
Bogota,11/02/2022,12.1
Medellin,11/02/2022,20.7
Cali,11/02/2022,27.0
Barranquilla,11/02/2022,32.8
Cartagena,11/02/2022,28.4
Bogota,12/02/2022,16.3
Medellin,12/02/2022,23.9
Cali,12/02/2022,29.4
Barranquilla,12/02/2022,30.0
Cartagena,12/02/2022,27.6
Bogota,13/02/2022,14.2
Medellin,13/02/2022,20.7
Cali,13/02/2022,29.1
Barranquilla,13/02/2022,28.1
Cartagena,13/02/2022,32.2
Bogota,14/02/2022,12.9
Medellin,14/02/2022,20.8
Cali,14/02/2022,24.8
Barranquilla,14/02/2022,29.8
Cartagena,14/02/2022,27.1
Bogota,15/02/2022,16.1
Medellin,15/02/2022,20.4
Cali,15/02/2022,29.4
Barranquilla,15/02/2022,31.3
Cartagena,15/02/2022,28.8
Bogota,16/02/2022,12.2
Medellin,16/02/2022,23.6
Cali,16/02/2022,24.5
Barranquilla,16/02/2022,28.9
Cartagena,16/02/2022,31.6
Bogota,17/02/2022,16.5
Medellin,17/02/2022,22.2
Cali,17/02/2022,24.7
Barranquilla,17/02/2022,31.7
Cartagena,17/02/2022,28.1
Bogota,18/02/2022,13.7
Medellin,18/02/2022,24.5
Cali,18/02/2022,28.8
Barranquilla,18/02/2022,29.9
Cartagena,18/02/2022,31.4
Bogota,19/02/2022,16.1
Medellin,19/02/2022,20.8
Cali,19/02/2022,29.0
Barranquilla,19/02/2022,33.4
Cartagena,19/02/2022,32.9
Bogota,20/02/2022,15.8
Medellin,20/02/2022,24.3
Cali,20/02/2022,30.0
Barranquilla,20/02/2022,32.3
Cartagena,20/02/2022,30.5
Bogota,21/02/2022,14.2
Medellin,21/02/2022,21.9
Cali,21/02/2022,28.6
Barranquilla,21/02/2022,33.9
Cartagena,21/02/2022,32.3
Bogota,22/02/2022,15.7
Medellin,22/02/2022,23.8
Cali,22/02/2022,28.5
Barranquilla,22/02/2022,31.4
Cartagena,22/02/2022,27.8
Bogota,23/02/2022,12.6
Medellin,23/02/2022,25.1
Cali,23/02/2022,26.6
Barranquilla,23/02/2022,32.9
Cartagena,23/02/2022,30.6
Bogota,24/02/2022,13.8
Medellin,24/02/2022,22.3
Cali,24/02/2022,28.3
Barranquilla,24/02/2022,28.9
Cartagena,24/02/2022,31.8
Bogota,25/02/2022,14.7
Medellin,25/02/2022,25.2
Cali,25/02/2022,26.0
Barranquilla,25/02/2022,32.8
Cartagena,25/02/2022,27.9
Bogota,26/02/2022,16.7
Medellin,26/02/2022,25.0
Cali,26/02/2022,29.6
Barranquilla,26/02/2022,30.4
Cartagena,26/02/2022,29.4
Bogota,27/02/2022,13.3
Medellin,27/02/2022,24.2
Cali,27/02/2022,24.1
Barranquilla,27/02/2022,31.2
Cartagena,27/02/2022,29.4
Bogota,28/02/2022,13.3
Medellin,28/02/2022,25.8
Cali,28/02/2022,24.7
Barranquilla,28/02/2022,28.1
Cartagena,28/02/2022,27.0
Bogota,01/03/2022,15.1
Medellin,01/03/2022,24.1
Cali,01/03/2022,29.6
Barranquilla,01/03/2022,28.7
Cartagena,01/03/2022,32.1
Bogota,02/03/2022,13.2
Medellin,02/03/2022,22.0
Cali,02/03/2022,25.4
Barranquilla,02/03/2022,30.0
Cartagena,02/03/2022,27.9
Bogota,03/03/2022,14.9
Medellin,03/03/2022,21.4
Cali,03/03/2022,26.3
Barranquilla,03/03/2022,29.5
Cartagena,03/03/2022,31.4
Bogota,04/03/2022,14.1
Medellin,04/03/2022,23.0
Cali,04/03/2022,29.6
Barranquilla,04/03/2022,33.8
Cartagena,04/03/2022,31.8
Bogota,05/03/2022,12.2
Medellin,05/03/2022,21.8
Cali,05/03/2022,29.2
Barranquilla,05/03/2022,29.8
Cartagena,05/03/2022,31.8
Bogota,06/03/2022,15.9
Medellin,06/03/2022,20.7
Cali,06/03/2022,25.8
Barranquilla,06/03/2022,33.3
Cartagena,06/03/2022,33.0
Bogota,07/03/2022,13.4
Medellin,07/03/2022,23.6
Cali,07/03/2022,26.6
Barranquilla,07/03/2022,28.9
Cartagena,07/03/2022,29.8
Bogota,08/03/2022,16.6
Medellin,08/03/2022,25.8
Cali,08/03/2022,24.5
Barranquilla,08/03/2022,33.8
Cartagena,08/03/2022,28.9
Bogota,09/03/2022,15.2
Medellin,09/03/2022,24.2
Cali,09/03/2022,24.5
Barranquilla,09/03/2022,33.7
Cartagena,09/03/2022,32.3
Bogota,10/03/2022,13.8
Medellin,10/03/2022,24.1
Cali,10/03/2022,29.0
Barranquilla,10/03/2022,31.9
Cartagena,10/03/2022,27.6
Bogota,11/03/2022,16.7
Medellin,11/03/2022,24.7
Cali,11/03/2022,27.0
Barranquilla,11/03/2022,30.7
Cartagena,11/03/2022,32.4
Bogota,12/03/2022,14.3
Medellin,12/03/2022,23.3
Cali,12/03/2022,24.6
Barranquilla,12/03/2022,29.6
Cartagena,12/03/2022,27.7
Bogota,13/03/2022,12.8
Medellin,13/03/2022,20.3
Cali,13/03/2022,29.4
Barranquilla,13/03/2022,29.2
Cartagena,13/03/2022,29.6
Bogota,14/03/2022,13.7
Medellin,14/03/2022,22.4
Cali,14/03/2022,26.4
Barranquilla,14/03/2022,28.7
Cartagena,14/03/2022,32.4
Bogota,15/03/2022,12.3
Medellin,15/03/2022,21.1
Cali,15/03/2022,24.7
Barranquilla,15/03/2022,28.6
Cartagena,15/03/2022,32.4
Bogota,16/03/2022,13.8
Medellin,16/03/2022,23.7
Cali,16/03/2022,25.1
Barranquilla,16/03/2022,29.0
Cartagena,16/03/2022,31.2
Bogota,17/03/2022,16.2
Medellin,17/03/2022,24.8
Cali,17/03/2022,28.8
Barranquilla,17/03/2022,28.1
Cartagena,17/03/2022,31.9
Bogota,18/03/2022,13.6
Medellin,18/03/2022,20.5
Cali,18/03/2022,26.4
Barranquilla,18/03/2022,28.3
Cartagena,18/03/2022,29.5
Bogota,19/03/2022,15.5
Medellin,19/03/2022,20.8
Cali,19/03/2022,26.9
Barranquilla,19/03/2022,31.7
Cartagena,19/03/2022,31.0
Bogota,20/03/2022,13.3
Medellin,20/03/2022,25.0
Cali,20/03/2022,25.1
Barranquilla,20/03/2022,32.7
Cartagena,20/03/2022,32.9
Bogota,21/03/2022,12.7
Medellin,21/03/2022,25.8
Cali,21/03/2022,26.5
Barranquilla,21/03/2022,31.8
Cartagena,21/03/2022,30.7
Bogota,22/03/2022,16.3
Medellin,22/03/2022,21.1
Cali,22/03/2022,26.9
Barranquilla,22/03/2022,31.4
Cartagena,22/03/2022,31.0
Bogota,23/03/2022,15.5
Medellin,23/03/2022,22.1
Cali,23/03/2022,29.9
Barranquilla,23/03/2022,30.5
Cartagena,23/03/2022,30.8
Bogota,24/03/2022,14.0
Medellin,24/03/2022,22.2
Cali,24/03/2022,24.6
Barranquilla,24/03/2022,30.7
Cartagena,24/03/2022,32.5
Bogota,25/03/2022,12.2
Medellin,25/03/2022,24.9
Cali,25/03/2022,25.6
Barranquilla,25/03/2022,29.5
Cartagena,25/03/2022,32.2
Bogota,26/03/2022,15.2
Medellin,26/03/2022,21.1
Cali,26/03/2022,27.5
Barranquilla,26/03/2022,30.1
Cartagena,26/03/2022,31.2
Bogota,27/03/2022,12.4
Medellin,27/03/2022,21.0
Cali,27/03/2022,24.1
Barranquilla,27/03/2022,33.2
Cartagena,27/03/2022,27.6
Bogota,28/03/2022,15.8
Medellin,28/03/2022,21.0
Cali,28/03/2022,28.1
Barranquilla,28/03/2022,31.9
Cartagena,28/03/2022,31.5
Bogota,29/03/2022,12.2
Medellin,29/03/2022,22.2
Cali,29/03/2022,29.4
Barranquilla,29/03/2022,28.7
Cartagena,29/03/2022,27.7
Bogota,30/03/2022,12.4
Medellin,30/03/2022,24.8
Cali,30/03/2022,28.5
Barranquilla,30/03/2022,33.9
Cartagena,30/03/2022,28.2
Bogota,31/03/2022,15.8
Medellin,31/03/2022,23.3
Cali,31/03/2022,27.4
Barranquilla,31/03/2022,29.8
Cartagena,31/03/2022,27.8
Bogota,01/04/2022,13.2
Medellin,01/04/2022,23.0
Cali,01/04/2022,26.0
Barranquilla,01/04/2022,32.6
Cartagena,01/04/2022,29.8
Bogota,02/04/2022,15.7
Medellin,02/04/2022,21.3
Cali,02/04/2022,28.4
Barranquilla,02/04/2022,28.1
Cartagena,02/04/2022,27.5
Bogota,03/04/2022,15.7
Medellin,03/04/2022,22.8
Cali,03/04/2022,24.5
Barranquilla,03/04/2022,31.6
Cartagena,03/04/2022,27.9
Bogota,04/04/2022,12.2
Medellin,04/04/2022,21.6
Cali,04/04/2022,28.1
Barranquilla,04/04/2022,31.7
Cartagena,04/04/2022,27.2
Bogota,05/04/2022,13.9
Medellin,05/04/2022,22.9
Cali,05/04/2022,24.9
Barranquilla,05/04/2022,28.7
Cartagena,05/04/2022,30.9
Bogota,06/04/2022,13.0
Medellin,06/04/2022,25.1
Cali,06/04/2022,26.5
Barranquilla,06/04/2022,33.8
Cartagena,06/04/2022,32.1
Bogota,07/04/2022,13.6
Medellin,07/04/2022,21.1
Cali,07/04/2022,28.6
Barranquilla,07/04/2022,29.4
Cartagena,07/04/2022,28.8
Bogota,08/04/2022,16.5
Medellin,08/04/2022,25.6
Cali,08/04/2022,24.1
Barranquilla,08/04/2022,33.9
Cartagena,08/04/2022,28.4
Bogota,09/04/2022,14.8
Medellin,09/04/2022,24.0
Cali,09/04/2022,27.2
Barranquilla,09/04/2022,30.7
Cartagena,09/04/2022,32.2
Bogota,10/04/2022,14.0
Medellin,10/04/2022,25.8
Cali,10/04/2022,27.6
Barranquilla,10/04/2022,32.4
Cartagena,10/04/2022,31.6
Bogota,11/04/2022,12.4
Medellin,11/04/2022,24.9
Cali,11/04/2022,24.9
Barranquilla,11/04/2022,30.2
Cartagena,11/04/2022,30.6
Bogota,12/04/2022,12.4
Medellin,12/04/2022,20.7
Cali,12/04/2022,27.7
Barranquilla,12/04/2022,31.1
Cartagena,12/04/2022,32.1
Bogota,13/04/2022,13.0
Medellin,13/04/2022,22.5
Cali,13/04/2022,29.4
Barranquilla,13/04/2022,32.9
Cartagena,13/04/2022,28.4
Bogota,14/04/2022,13.5
Medellin,14/04/2022,25.3
Cali,14/04/2022,27.2
Barranquilla,14/04/2022,32.8
Cartagena,14/04/2022,32.0
Bogota,15/04/2022,15.6
Medellin,15/04/2022,23.7
Cali,15/04/2022,24.0
Barranquilla,15/04/2022,28.9
Cartagena,15/04/2022,29.0
Bogota,16/04/2022,13.3
Medellin,16/04/2022,22.9
Cali,16/04/2022,25.8
Barranquilla,16/04/2022,29.5
Cartagena,16/04/2022,29.2
Bogota,17/04/2022,14.9
Medellin,17/04/2022,20.3
Cali,17/04/2022,24.1
Barranquilla,17/04/2022,28.1
Cartagena,17/04/2022,29.6
Bogota,18/04/2022,12.6
Medellin,18/04/2022,20.6
Cali,18/04/2022,27.3
Barranquilla,18/04/2022,31.5
Cartagena,18/04/2022,32.4
Bogota,19/04/2022,12.8
Medellin,19/04/2022,22.8
Cali,19/04/2022,25.1
Barranquilla,19/04/2022,33.2
Cartagena,19/04/2022,28.7
Bogota,20/04/2022,12.6
Medellin,20/04/2022,23.2
Cali,20/04/2022,25.7
Barranquilla,20/04/2022,28.4
Cartagena,20/04/2022,29.7
Bogota,21/04/2022,14.6
Medellin,21/04/2022,21.2
Cali,21/04/2022,27.0
Barranquilla,21/04/2022,30.0
Cartagena,21/04/2022,28.7
Bogota,22/04/2022,14.1
Medellin,22/04/2022,24.5
Cali,22/04/2022,29.7
Barranquilla,22/04/2022,29.1
Cartagena,22/04/2022,29.8
Bogota,23/04/2022,15.8
Medellin,23/04/2022,22.5
Cali,23/04/2022,25.5
Barranquilla,23/04/2022,28.9
Cartagena,23/04/2022,30.4
Bogota,24/04/2022,16.1
Medellin,24/04/2022,23.7
Cali,24/04/2022,25.5
Barranquilla,24/04/2022,34.0
Cartagena,24/04/2022,27.1
Bogota,25/04/2022,14.2
Medellin,25/04/2022,21.4
Cali,25/04/2022,29.2
Barranquilla,25/04/2022,30.6
Cartagena,25/04/2022,30.3
Bogota,26/04/2022,12.5
Medellin,26/04/2022,23.6
Cali,26/04/2022,25.8
Barranquilla,26/04/2022,28.7
Cartagena,26/04/2022,28.5
Bogota,27/04/2022,12.0
Medellin,27/04/2022,22.5
Cali,27/04/2022,24.8
Barranquilla,27/04/2022,33.8
Cartagena,27/04/2022,30.6
Bogota,28/04/2022,16.0
Medellin,28/04/2022,25.0
Cali,28/04/2022,28.8
Barranquilla,28/04/2022,33.6
Cartagena,28/04/2022,28.0
Bogota,29/04/2022,12.3
Medellin,29/04/2022,23.3
Cali,29/04/2022,28.9
Barranquilla,29/04/2022,32.8
Cartagena,29/04/2022,30.0
Bogota,30/04/2022,14.9
Medellin,30/04/2022,22.1
Cali,30/04/2022,29.1
Barranquilla,30/04/2022,28.6
Cartagena,30/04/2022,29.9
Bogota,01/05/2022,16.5
Medellin,01/05/2022,25.6
Cali,01/05/2022,28.8
Barranquilla,01/05/2022,32.7
Cartagena,01/05/2022,31.1
Bogota,02/05/2022,13.6
Medellin,02/05/2022,24.9
Cali,02/05/2022,28.0
Barranquilla,02/05/2022,33.5
Cartagena,02/05/2022,29.1
Bogota,03/05/2022,14.6
Medellin,03/05/2022,25.2
Cali,03/05/2022,29.3
Barranquilla,03/05/2022,31.1
Cartagena,03/05/2022,29.9
Bogota,04/05/2022,13.0
Medellin,04/05/2022,21.1
Cali,04/05/2022,24.8
Barranquilla,04/05/2022,30.7
Cartagena,04/05/2022,30.1
Bogota,05/05/2022,16.0
Medellin,05/05/2022,23.3
Cali,05/05/2022,26.9
Barranquilla,05/05/2022,29.0
Cartagena,05/05/2022,30.1
Bogota,06/05/2022,13.3
Medellin,06/05/2022,21.9
Cali,06/05/2022,28.5
Barranquilla,06/05/2022,31.0
Cartagena,06/05/2022,27.1
Bogota,07/05/2022,16.1
Medellin,07/05/2022,26.0
Cali,07/05/2022,29.1
Barranquilla,07/05/2022,31.4
Cartagena,07/05/2022,27.8
Bogota,08/05/2022,13.9
Medellin,08/05/2022,25.4
Cali,08/05/2022,26.3
Barranquilla,08/05/2022,31.0
Cartagena,08/05/2022,29.0
Bogota,09/05/2022,12.4
Medellin,09/05/2022,22.6
Cali,09/05/2022,29.6
Barranquilla,09/05/2022,31.4
Cartagena,09/05/2022,28.7
Bogota,10/05/2022,13.6
Medellin,10/05/2022,21.9
Cali,10/05/2022,28.4
Barranquilla,10/05/2022,33.5
Cartagena,10/05/2022,30.8
Bogota,11/05/2022,16.5
Medellin,11/05/2022,21.8
Cali,11/05/2022,28.3
Barranquilla,11/05/2022,31.0
Cartagena,11/05/2022,27.9
Bogota,12/05/2022,13.3
Medellin,12/05/2022,25.5
Cali,12/05/2022,28.2
Barranquilla,12/05/2022,28.8
Cartagena,12/05/2022,31.2
Bogota,13/05/2022,14.0
Medellin,13/05/2022,23.7
Cali,13/05/2022,29.0
Barranquilla,13/05/2022,32.5
Cartagena,13/05/2022,28.2
Bogota,14/05/2022,13.8
Medellin,14/05/2022,20.3
Cali,14/05/2022,28.7
Barranquilla,14/05/2022,33.8
Cartagena,14/05/2022,30.0
Bogota,15/05/2022,12.0
Medellin,15/05/2022,21.2
Cali,15/05/2022,24.5
Barranquilla,15/05/2022,33.2
Cartagena,15/05/2022,30.7
Bogota,16/05/2022,15.1
Medellin,16/05/2022,20.9
Cali,16/05/2022,29.8
Barranquilla,16/05/2022,32.7
Cartagena,16/05/2022,30.7
Bogota,17/05/2022,14.9
Medellin,17/05/2022,25.1
Cali,17/05/2022,28.6
Barranquilla,17/05/2022,31.7
Cartagena,17/05/2022,32.3
Bogota,18/05/2022,16.4
Medellin,18/05/2022,25.5
Cali,18/05/2022,25.9
Barranquilla,18/05/2022,28.8
Cartagena,18/05/2022,31.9
Bogota,19/05/2022,16.3
Medellin,19/05/2022,25.2
Cali,19/05/2022,24.6
Barranquilla,19/05/2022,33.5
Cartagena,19/05/2022,31.9
Bogota,20/05/2022,14.4
Medellin,20/05/2022,24.5
Cali,20/05/2022,26.0
Barranquilla,20/05/2022,31.0
Cartagena,20/05/2022,29.5
Bogota,21/05/2022,14.9
Medellin,21/05/2022,24.2
Cali,21/05/2022,24.6
Barranquilla,21/05/2022,29.5
Cartagena,21/05/2022,29.8
Bogota,22/05/2022,15.1
Medellin,22/05/2022,20.7
Cali,22/05/2022,25.2
Barranquilla,22/05/2022,33.8
Cartagena,22/05/2022,31.0
Bogota,23/05/2022,13.7
Medellin,23/05/2022,24.6
Cali,23/05/2022,24.7
Barranquilla,23/05/2022,31.7
Cartagena,23/05/2022,32.8
Bogota,24/05/2022,14.4
Medellin,24/05/2022,20.6
Cali,24/05/2022,26.4
Barranquilla,24/05/2022,32.5
Cartagena,24/05/2022,32.5
Bogota,25/05/2022,13.3
Medellin,25/05/2022,21.6
Cali,25/05/2022,28.8
Barranquilla,25/05/2022,33.3
Cartagena,25/05/2022,27.2
Bogota,26/05/2022,14.4
Medellin,26/05/2022,20.6
Cali,26/05/2022,26.2
Barranquilla,26/05/2022,28.6
Cartagena,26/05/2022,29.0
Bogota,27/05/2022,14.6
Medellin,27/05/2022,25.2
Cali,27/05/2022,28.6
Barranquilla,27/05/2022,33.7
Cartagena,27/05/2022,30.0
Bogota,28/05/2022,15.3
Medellin,28/05/2022,20.2
Cali,28/05/2022,29.6
Barranquilla,28/05/2022,29.0
Cartagena,28/05/2022,27.4
Bogota,29/05/2022,12.3
Medellin,29/05/2022,20.7
Cali,29/05/2022,26.5
Barranquilla,29/05/2022,30.4
Cartagena,29/05/2022,32.8
Bogota,30/05/2022,16.3
Medellin,30/05/2022,20.7
Cali,30/05/2022,27.1
Barranquilla,30/05/2022,33.8
Cartagena,30/05/2022,30.2
Bogota,31/05/2022,15.9
Medellin,31/05/2022,24.1
Cali,31/05/2022,24.4
Barranquilla,31/05/2022,30.0
Cartagena,31/05/2022,31.7
Bogota,01/06/2022,14.2
Medellin,01/06/2022,25.6
Cali,01/06/2022,25.8
Barranquilla,01/06/2022,31.0
Cartagena,01/06/2022,33.0
Bogota,02/06/2022,15.9
Medellin,02/06/2022,21.1
Cali,02/06/2022,29.6
Barranquilla,02/06/2022,33.0
Cartagena,02/06/2022,31.7
Bogota,03/06/2022,13.6
Medellin,03/06/2022,20.3
Cali,03/06/2022,28.0
Barranquilla,03/06/2022,33.7
Cartagena,03/06/2022,30.3
Bogota,04/06/2022,14.1
Medellin,04/06/2022,25.1
Cali,04/06/2022,24.1
Barranquilla,04/06/2022,30.4
Cartagena,04/06/2022,27.0
Bogota,05/06/2022,13.4
Medellin,05/06/2022,20.5
Cali,05/06/2022,24.0
Barranquilla,05/06/2022,28.8
Cartagena,05/06/2022,31.4
Bogota,06/06/2022,12.6
Medellin,06/06/2022,22.6
Cali,06/06/2022,25.3
Barranquilla,06/06/2022,33.3
Cartagena,06/06/2022,29.5
Bogota,07/06/2022,16.3
Medellin,07/06/2022,20.6
Cali,07/06/2022,24.2
Barranquilla,07/06/2022,31.7
Cartagena,07/06/2022,29.0
Bogota,08/06/2022,12.9
Medellin,08/06/2022,24.2
Cali,08/06/2022,24.8
Barranquilla,08/06/2022,29.7
Cartagena,08/06/2022,28.9
Bogota,09/06/2022,14.9
Medellin,09/06/2022,20.8
Cali,09/06/2022,28.5
Barranquilla,09/06/2022,29.0
Cartagena,09/06/2022,32.0
Bogota,10/06/2022,16.3
Medellin,10/06/2022,20.8
Cali,10/06/2022,27.3
Barranquilla,10/06/2022,32.7
Cartagena,10/06/2022,31.3
Bogota,11/06/2022,14.1
Medellin,11/06/2022,23.8
Cali,11/06/2022,24.5
Barranquilla,11/06/2022,29.7
Cartagena,11/06/2022,29.8
Bogota,12/06/2022,15.1
Medellin,12/06/2022,23.5
Cali,12/06/2022,25.3
Barranquilla,12/06/2022,31.5
Cartagena,12/06/2022,31.2
Bogota,13/06/2022,16.1
Medellin,13/06/2022,24.0
Cali,13/06/2022,29.2
Barranquilla,13/06/2022,28.5
Cartagena,13/06/2022,30.9
Bogota,14/06/2022,12.5
Medellin,14/06/2022,25.0
Cali,14/06/2022,25.4
Barranquilla,14/06/2022,29.5
Cartagena,14/06/2022,27.2
Bogota,15/06/2022,15.2
Medellin,15/06/2022,25.8
Cali,15/06/2022,26.6
Barranquilla,15/06/2022,31.8
Cartagena,15/06/2022,32.9
Bogota,16/06/2022,12.9
Medellin,16/06/2022,25.3
Cali,16/06/2022,26.9
Barranquilla,16/06/2022,30.5
Cartagena,16/06/2022,27.5
Bogota,17/06/2022,13.7
Medellin,17/06/2022,23.8
Cali,17/06/2022,24.9
Barranquilla,17/06/2022,29.4
Cartagena,17/06/2022,29.8
Bogota,18/06/2022,13.4
Medellin,18/06/2022,25.1
Cali,18/06/2022,29.2
Barranquilla,18/06/2022,31.3
Cartagena,18/06/2022,31.8
Bogota,19/06/2022,15.2
Medellin,19/06/2022,21.4
Cali,19/06/2022,29.2
Barranquilla,19/06/2022,28.9
Cartagena,19/06/2022,27.7
Bogota,20/06/2022,14.5
Medellin,20/06/2022,20.2
Cali,20/06/2022,29.1
Barranquilla,20/06/2022,32.3
Cartagena,20/06/2022,30.5
Bogota,21/06/2022,14.3
Medellin,21/06/2022,22.3
Cali,21/06/2022,26.7
Barranquilla,21/06/2022,28.8
Cartagena,21/06/2022,28.6
Bogota,22/06/2022,16.5
Medellin,22/06/2022,21.5
Cali,22/06/2022,28.3
Barranquilla,22/06/2022,33.2
Cartagena,22/06/2022,27.7
Bogota,23/06/2022,12.4
Medellin,23/06/2022,22.2
Cali,23/06/2022,29.6
Barranquilla,23/06/2022,31.5
Cartagena,23/06/2022,28.3
Bogota,24/06/2022,15.5
Medellin,24/06/2022,20.6
Cali,24/06/2022,26.2
Barranquilla,24/06/2022,28.3
Cartagena,24/06/2022,27.6
Bogota,25/06/2022,16.3
Medellin,25/06/2022,25.2
Cali,25/06/2022,27.9
Barranquilla,25/06/2022,32.5
Cartagena,25/06/2022,28.6
Bogota,26/06/2022,12.4
Medellin,26/06/2022,24.7
Cali,26/06/2022,25.7
Barranquilla,26/06/2022,31.6
Cartagena,26/06/2022,28.3
Bogota,27/06/2022,15.1
Medellin,27/06/2022,24.2
Cali,27/06/2022,25.6
Barranquilla,27/06/2022,32.3
Cartagena,27/06/2022,30.2
Bogota,28/06/2022,14.3
Medellin,28/06/2022,24.6
Cali,28/06/2022,25.9
Barranquilla,28/06/2022,31.4
Cartagena,28/06/2022,28.4
Bogota,29/06/2022,13.6
Medellin,29/06/2022,24.7
Cali,29/06/2022,27.7
Barranquilla,29/06/2022,30.2
Cartagena,29/06/2022,29.8
Bogota,30/06/2022,14.6
Medellin,30/06/2022,25.0
Cali,30/06/2022,29.5
Barranquilla,30/06/2022,33.6
Cartagena,30/06/2022,32.6
Bogota,01/07/2022,12.9
Medellin,01/07/2022,25.4
Cali,01/07/2022,26.1
Barranquilla,01/07/2022,31.5
Cartagena,01/07/2022,30.2
Bogota,02/07/2022,16.4
Medellin,02/07/2022,23.9
Cali,02/07/2022,26.3
Barranquilla,02/07/2022,32.5
Cartagena,02/07/2022,27.5
Bogota,03/07/2022,14.3
Medellin,03/07/2022,25.6
Cali,03/07/2022,26.6
Barranquilla,03/07/2022,33.3
Cartagena,03/07/2022,29.2
Bogota,04/07/2022,15.8
Medellin,04/07/2022,25.8
Cali,04/07/2022,29.7
Barranquilla,04/07/2022,28.0
Cartagena,04/07/2022,29.5
Bogota,05/07/2022,12.8
Medellin,05/07/2022,21.9
Cali,05/07/2022,29.2
Barranquilla,05/07/2022,33.8
Cartagena,05/07/2022,30.1
Bogota,06/07/2022,13.7
Medellin,06/07/2022,23.7
Cali,06/07/2022,28.7
Barranquilla,06/07/2022,31.5
Cartagena,06/07/2022,32.3
Bogota,07/07/2022,16.3
Medellin,07/07/2022,20.9
Cali,07/07/2022,25.5
Barranquilla,07/07/2022,30.3
Cartagena,07/07/2022,32.3
Bogota,08/07/2022,14.2
Medellin,08/07/2022,24.0
Cali,08/07/2022,27.8
Barranquilla,08/07/2022,33.2
Cartagena,08/07/2022,28.8
Bogota,09/07/2022,13.0
Medellin,09/07/2022,22.0
Cali,09/07/2022,29.5
Barranquilla,09/07/2022,29.8
Cartagena,09/07/2022,32.8
Bogota,10/07/2022,14.9
Medellin,10/07/2022,21.8
Cali,10/07/2022,29.1
Barranquilla,10/07/2022,29.9
Cartagena,10/07/2022,32.0
Bogota,11/07/2022,13.8
Medellin,11/07/2022,22.9
Cali,11/07/2022,29.4
Barranquilla,11/07/2022,29.3
Cartagena,11/07/2022,32.8
Bogota,12/07/2022,15.7
Medellin,12/07/2022,23.0
Cali,12/07/2022,24.3
Barranquilla,12/07/2022,32.3
Cartagena,12/07/2022,29.6
Bogota,13/07/2022,16.2
Medellin,13/07/2022,25.0
Cali,13/07/2022,26.1
Barranquilla,13/07/2022,33.1
Cartagena,13/07/2022,31.0
Bogota,14/07/2022,13.9
Medellin,14/07/2022,24.5
Cali,14/07/2022,27.1
Barranquilla,14/07/2022,29.5
Cartagena,14/07/2022,32.7
Bogota,15/07/2022,15.6
Medellin,15/07/2022,25.1
Cali,15/07/2022,24.8
Barranquilla,15/07/2022,30.9
Cartagena,15/07/2022,29.0
Bogota,16/07/2022,15.5
Medellin,16/07/2022,22.4
Cali,16/07/2022,28.0
Barranquilla,16/07/2022,29.4
Cartagena,16/07/2022,29.5
Bogota,17/07/2022,13.7
Medellin,17/07/2022,23.4
Cali,17/07/2022,27.8
Barranquilla,17/07/2022,29.5
Cartagena,17/07/2022,32.7
Bogota,18/07/2022,12.3
Medellin,18/07/2022,21.6
Cali,18/07/2022,29.2
Barranquilla,18/07/2022,29.9
Cartagena,18/07/2022,29.8
Bogota,19/07/2022,13.5
Medellin,19/07/2022,20.5
Cali,19/07/2022,26.6
Barranquilla,19/07/2022,33.3
Cartagena,19/07/2022,30.6
Bogota,20/07/2022,14.4
Medellin,20/07/2022,23.7
Cali,20/07/2022,26.2
Barranquilla,20/07/2022,30.2
Cartagena,20/07/2022,30.3
Bogota,21/07/2022,14.1
Medellin,21/07/2022,21.9
Cali,21/07/2022,26.9
Barranquilla,21/07/2022,32.3
Cartagena,21/07/2022,28.5
Bogota,22/07/2022,16.1
Medellin,22/07/2022,23.9
Cali,22/07/2022,28.1
Barranquilla,22/07/2022,33.5
Cartagena,22/07/2022,28.6
Bogota,23/07/2022,14.0
Medellin,23/07/2022,20.4
Cali,23/07/2022,29.1
Barranquilla,23/07/2022,29.1
Cartagena,23/07/2022,28.9
Bogota,24/07/2022,12.2
Medellin,24/07/2022,20.6
Cali,24/07/2022,26.7
Barranquilla,24/07/2022,29.1
Cartagena,24/07/2022,28.6
Bogota,25/07/2022,12.1
Medellin,25/07/2022,21.0
Cali,25/07/2022,29.0
Barranquilla,25/07/2022,31.8
Cartagena,25/07/2022,29.0
Bogota,26/07/2022,12.8
Medellin,26/07/2022,20.2
Cali,26/07/2022,27.2
Barranquilla,26/07/2022,30.0
Cartagena,26/07/2022,31.5
Bogota,27/07/2022,13.5
Medellin,27/07/2022,22.4
Cali,27/07/2022,24.8
Barranquilla,27/07/2022,31.5
Cartagena,27/07/2022,32.2
Bogota,28/07/2022,16.9
Medellin,28/07/2022,23.3
Cali,28/07/2022,26.2
Barranquilla,28/07/2022,33.4
Cartagena,28/07/2022,28.4
Bogota,29/07/2022,15.7
Medellin,29/07/2022,21.6
Cali,29/07/2022,27.8
Barranquilla,29/07/2022,33.9
Cartagena,29/07/2022,31.5
Bogota,30/07/2022,16.8
Medellin,30/07/2022,21.5
Cali,30/07/2022,26.4
Barranquilla,30/07/2022,28.5
Cartagena,30/07/2022,31.5
Bogota,31/07/2022,14.7
Medellin,31/07/2022,23.5
Cali,31/07/2022,27.3
Barranquilla,31/07/2022,33.2
Cartagena,31/07/2022,30.8
Bogota,01/08/2022,16.2
Medellin,01/08/2022,24.5
Cali,01/08/2022,24.2
Barranquilla,01/08/2022,28.3
Cartagena,01/08/2022,27.5
Bogota,02/08/2022,12.5
Medellin,02/08/2022,24.7
Cali,02/08/2022,29.2
Barranquilla,02/08/2022,30.4
Cartagena,02/08/2022,28.4
Bogota,03/08/2022,16.2
Medellin,03/08/2022,21.0
Cali,03/08/2022,24.3
Barranquilla,03/08/2022,31.5
Cartagena,03/08/2022,29.3
Bogota,04/08/2022,14.9
Medellin,04/08/2022,23.3
Cali,04/08/2022,28.4
Barranquilla,04/08/2022,28.9
Cartagena,04/08/2022,27.7
Bogota,05/08/2022,13.3
Medellin,05/08/2022,25.8
Cali,05/08/2022,28.2
Barranquilla,05/08/2022,30.6
Cartagena,05/08/2022,28.8
Bogota,06/08/2022,14.0
Medellin,06/08/2022,23.2
Cali,06/08/2022,24.7
Barranquilla,06/08/2022,32.4
Cartagena,06/08/2022,32.5
Bogota,07/08/2022,14.2
Medellin,07/08/2022,24.2
Cali,07/08/2022,29.1
Barranquilla,07/08/2022,30.6
Cartagena,07/08/2022,31.5
Bogota,08/08/2022,13.7
Medellin,08/08/2022,20.1
Cali,08/08/2022,30.0
Barranquilla,08/08/2022,33.9
Cartagena,08/08/2022,32.6
Bogota,09/08/2022,16.7
Medellin,09/08/2022,22.6
Cali,09/08/2022,29.5
Barranquilla,09/08/2022,29.0
Cartagena,09/08/2022,29.6
Bogota,10/08/2022,15.4
Medellin,10/08/2022,24.5
Cali,10/08/2022,29.7
Barranquilla,10/08/2022,30.2
Cartagena,10/08/2022,30.5
Bogota,11/08/2022,13.5
Medellin,11/08/2022,21.1
Cali,11/08/2022,27.9
Barranquilla,11/08/2022,28.6
Cartagena,11/08/2022,29.0
Bogota,12/08/2022,14.0
Medellin,12/08/2022,21.0
Cali,12/08/2022,25.6
Barranquilla,12/08/2022,32.9
Cartagena,12/08/2022,32.0
Bogota,13/08/2022,15.7
Medellin,13/08/2022,23.4
Cali,13/08/2022,26.5
Barranquilla,13/08/2022,30.2
Cartagena,13/08/2022,30.0
Bogota,14/08/2022,13.4
Medellin,14/08/2022,26.0
Cali,14/08/2022,26.4
Barranquilla,14/08/2022,31.0
Cartagena,14/08/2022,32.3
Bogota,15/08/2022,12.2
Medellin,15/08/2022,23.1
Cali,15/08/2022,28.7
Barranquilla,15/08/2022,30.0
Cartagena,15/08/2022,29.5
Bogota,16/08/2022,14.8
Medellin,16/08/2022,21.9
Cali,16/08/2022,24.9
Barranquilla,16/08/2022,32.7
Cartagena,16/08/2022,29.0
Bogota,17/08/2022,15.8
Medellin,17/08/2022,21.3
Cali,17/08/2022,29.6
Barranquilla,17/08/2022,29.5
Cartagena,17/08/2022,31.3
Bogota,18/08/2022,15.4
Medellin,18/08/2022,25.5
Cali,18/08/2022,28.0
Barranquilla,18/08/2022,30.4
Cartagena,18/08/2022,30.7
Bogota,19/08/2022,15.7
Medellin,19/08/2022,24.3
Cali,19/08/2022,26.5
Barranquilla,19/08/2022,33.4
Cartagena,19/08/2022,29.5
Bogota,20/08/2022,13.9
Medellin,20/08/2022,24.4
Cali,20/08/2022,27.5
Barranquilla,20/08/2022,32.1
Cartagena,20/08/2022,32.1
Bogota,21/08/2022,14.2
Medellin,21/08/2022,21.1
Cali,21/08/2022,29.1
Barranquilla,21/08/2022,28.2
Cartagena,21/08/2022,29.4
Bogota,22/08/2022,12.4
Medellin,22/08/2022,24.3
Cali,22/08/2022,25.6
Barranquilla,22/08/2022,29.8
Cartagena,22/08/2022,32.1
Bogota,23/08/2022,16.4
Medellin,23/08/2022,23.7
Cali,23/08/2022,26.9
Barranquilla,23/08/2022,30.0
Cartagena,23/08/2022,29.8
Bogota,24/08/2022,13.0
Medellin,24/08/2022,25.7
Cali,24/08/2022,24.6
Barranquilla,24/08/2022,30.5
Cartagena,24/08/2022,28.7
Bogota,25/08/2022,15.2
Medellin,25/08/2022,21.3
Cali,25/08/2022,25.0
Barranquilla,25/08/2022,33.6
Cartagena,25/08/2022,28.5
Bogota,26/08/2022,16.5
Medellin,26/08/2022,24.3
Cali,26/08/2022,25.2
Barranquilla,26/08/2022,31.5
Cartagena,26/08/2022,32.7
Bogota,27/08/2022,13.8
Medellin,27/08/2022,23.7
Cali,27/08/2022,27.8
Barranquilla,27/08/2022,31.6
Cartagena,27/08/2022,27.4
Bogota,28/08/2022,14.9
Medellin,28/08/2022,22.5
Cali,28/08/2022,26.8
Barranquilla,28/08/2022,31.5
Cartagena,28/08/2022,30.2
Bogota,29/08/2022,13.5
Medellin,29/08/2022,21.4
Cali,29/08/2022,25.6
Barranquilla,29/08/2022,28.8
Cartagena,29/08/2022,32.4
Bogota,30/08/2022,15.1
Medellin,30/08/2022,21.8
Cali,30/08/2022,29.7
Barranquilla,30/08/2022,31.7
Cartagena,30/08/2022,30.1
Bogota,31/08/2022,15.0
Medellin,31/08/2022,22.7
Cali,31/08/2022,26.8
Barranquilla,31/08/2022,28.1
Cartagena,31/08/2022,27.8
Bogota,01/09/2022,12.9
Medellin,01/09/2022,21.3
Cali,01/09/2022,28.0
Barranquilla,01/09/2022,30.5
Cartagena,01/09/2022,30.9
Bogota,02/09/2022,14.7
Medellin,02/09/2022,23.0
Cali,02/09/2022,27.1
Barranquilla,02/09/2022,29.0
Cartagena,02/09/2022,28.4
Bogota,03/09/2022,12.7
Medellin,03/09/2022,21.0
Cali,03/09/2022,26.0
Barranquilla,03/09/2022,31.0
Cartagena,03/09/2022,32.8
Bogota,04/09/2022,15.2
Medellin,04/09/2022,23.4
Cali,04/09/2022,27.2
Barranquilla,04/09/2022,33.7
Cartagena,04/09/2022,28.5
Bogota,05/09/2022,15.4
Medellin,05/09/2022,25.0
Cali,05/09/2022,28.3
Barranquilla,05/09/2022,33.0
Cartagena,05/09/2022,32.3
Bogota,06/09/2022,14.7
Medellin,06/09/2022,20.6
Cali,06/09/2022,25.0
Barranquilla,06/09/2022,31.4
Cartagena,06/09/2022,29.7
Bogota,07/09/2022,15.1
Medellin,07/09/2022,25.4
Cali,07/09/2022,24.4
Barranquilla,07/09/2022,29.3
Cartagena,07/09/2022,29.7
Bogota,08/09/2022,15.4
Medellin,08/09/2022,24.5
Cali,08/09/2022,25.8
Barranquilla,08/09/2022,28.4
Cartagena,08/09/2022,28.8
Bogota,09/09/2022,14.1
Medellin,09/09/2022,20.1
Cali,09/09/2022,27.8
Barranquilla,09/09/2022,30.6
Cartagena,09/09/2022,30.6
Bogota,10/09/2022,12.1
Medellin,10/09/2022,22.0
Cali,10/09/2022,27.4
Barranquilla,10/09/2022,33.4
Cartagena,10/09/2022,31.6
Bogota,11/09/2022,12.7
Medellin,11/09/2022,22.8
Cali,11/09/2022,25.4
Barranquilla,11/09/2022,33.7
Cartagena,11/09/2022,27.7
Bogota,12/09/2022,12.7
Medellin,12/09/2022,20.8
Cali,12/09/2022,24.4
Barranquilla,12/09/2022,31.8
Cartagena,12/09/2022,28.1
Bogota,13/09/2022,12.5
Medellin,13/09/2022,22.1
Cali,13/09/2022,28.1
Barranquilla,13/09/2022,31.4
Cartagena,13/09/2022,27.3
Bogota,14/09/2022,16.4
Medellin,14/09/2022,24.3
Cali,14/09/2022,26.1
Barranquilla,14/09/2022,30.6
Cartagena,14/09/2022,31.7
Bogota,15/09/2022,15.0
Medellin,15/09/2022,20.3
Cali,15/09/2022,29.9
Barranquilla,15/09/2022,31.4
Cartagena,15/09/2022,27.7
Bogota,16/09/2022,14.9
Medellin,16/09/2022,22.1
Cali,16/09/2022,26.1
Barranquilla,16/09/2022,31.8
Cartagena,16/09/2022,32.9
Bogota,17/09/2022,16.3
Medellin,17/09/2022,25.4
Cali,17/09/2022,25.3
Barranquilla,17/09/2022,33.4
Cartagena,17/09/2022,32.9
Bogota,18/09/2022,13.5
Medellin,18/09/2022,22.9
Cali,18/09/2022,28.4
Barranquilla,18/09/2022,29.3
Cartagena,18/09/2022,29.4
Bogota,19/09/2022,16.5
Medellin,19/09/2022,25.8
Cali,19/09/2022,27.7
Barranquilla,19/09/2022,31.3
Cartagena,19/09/2022,28.4
Bogota,20/09/2022,14.4
Medellin,20/09/2022,22.7
Cali,20/09/2022,28.7
Barranquilla,20/09/2022,30.6
Cartagena,20/09/2022,27.2
Bogota,21/09/2022,14.6
Medellin,21/09/2022,20.5
Cali,21/09/2022,29.1
Barranquilla,21/09/2022,28.3
Cartagena,21/09/2022,31.8
Bogota,22/09/2022,12.5
Medellin,22/09/2022,22.3
Cali,22/09/2022,27.3
Barranquilla,22/09/2022,31.3
Cartagena,22/09/2022,28.9
Bogota,23/09/2022,13.7
Medellin,23/09/2022,24.9
Cali,23/09/2022,25.0
Barranquilla,23/09/2022,32.4
Cartagena,23/09/2022,27.9
Bogota,24/09/2022,14.2
Medellin,24/09/2022,20.7
Cali,24/09/2022,27.9
Barranquilla,24/09/2022,32.3
Cartagena,24/09/2022,32.8
Bogota,25/09/2022,13.4
Medellin,25/09/2022,22.5
Cali,25/09/2022,26.0
Barranquilla,25/09/2022,29.2
Cartagena,25/09/2022,32.3
Bogota,26/09/2022,12.8
Medellin,26/09/2022,23.5
Cali,26/09/2022,28.4
Barranquilla,26/09/2022,31.3
Cartagena,26/09/2022,27.4
Bogota,27/09/2022,12.6
Medellin,27/09/2022,25.9
Cali,27/09/2022,27.5
Barranquilla,27/09/2022,32.7
Cartagena,27/09/2022,30.9
Bogota,28/09/2022,12.3
Medellin,28/09/2022,25.3
Cali,28/09/2022,27.3
Barranquilla,28/09/2022,33.3
Cartagena,28/09/2022,27.4
Bogota,29/09/2022,13.4
Medellin,29/09/2022,25.6
Cali,29/09/2022,26.1
Barranquilla,29/09/2022,29.6
Cartagena,29/09/2022,27.5
Bogota,30/09/2022,15.7
Medellin,30/09/2022,25.6
Cali,30/09/2022,27.3
Barranquilla,30/09/2022,32.4
Cartagena,30/09/2022,28.3
Bogota,01/10/2022,16.0
Medellin,01/10/2022,23.7
Cali,01/10/2022,29.0
Barranquilla,01/10/2022,33.0
Cartagena,01/10/2022,32.5
Bogota,02/10/2022,14.6
Medellin,02/10/2022,22.1
Cali,02/10/2022,25.3
Barranquilla,02/10/2022,32.5
Cartagena,02/10/2022,30.7
Bogota,03/10/2022,12.6
Medellin,03/10/2022,24.1
Cali,03/10/2022,26.2
Barranquilla,03/10/2022,32.9
Cartagena,03/10/2022,27.8
Bogota,04/10/2022,16.2
Medellin,04/10/2022,23.5
Cali,04/10/2022,29.9
Barranquilla,04/10/2022,31.1
Cartagena,04/10/2022,32.5
Bogota,05/10/2022,16.4
Medellin,05/10/2022,25.0
Cali,05/10/2022,29.7
Barranquilla,05/10/2022,30.9
Cartagena,05/10/2022,29.8
Bogota,06/10/2022,12.8
Medellin,06/10/2022,21.3
Cali,06/10/2022,25.1
Barranquilla,06/10/2022,29.7
Cartagena,06/10/2022,31.0
Bogota,07/10/2022,13.2
Medellin,07/10/2022,20.7
Cali,07/10/2022,27.4
Barranquilla,07/10/2022,32.5
Cartagena,07/10/2022,31.0
Bogota,08/10/2022,14.4
Medellin,08/10/2022,23.4
Cali,08/10/2022,25.3
Barranquilla,08/10/2022,30.2
Cartagena,08/10/2022,28.0
Bogota,09/10/2022,13.7
Medellin,09/10/2022,25.6
Cali,09/10/2022,25.4
Barranquilla,09/10/2022,29.7
Cartagena,09/10/2022,27.2
Bogota,10/10/2022,16.4
Medellin,10/10/2022,24.3
Cali,10/10/2022,26.4
Barranquilla,10/10/2022,32.7
Cartagena,10/10/2022,27.7
Bogota,11/10/2022,14.4
Medellin,11/10/2022,22.5
Cali,11/10/2022,27.1
Barranquilla,11/10/2022,29.1
Cartagena,11/10/2022,28.2
Bogota,12/10/2022,12.8
Medellin,12/10/2022,22.9
Cali,12/10/2022,28.5
Barranquilla,12/10/2022,30.9
Cartagena,12/10/2022,30.2
Bogota,13/10/2022,14.5
Medellin,13/10/2022,24.6
Cali,13/10/2022,25.4
Barranquilla,13/10/2022,29.8
Cartagena,13/10/2022,32.9
Bogota,14/10/2022,14.8
Medellin,14/10/2022,25.2
Cali,14/10/2022,25.8
Barranquilla,14/10/2022,28.7
Cartagena,14/10/2022,31.1
Bogota,15/10/2022,17.0
Medellin,15/10/2022,20.9
Cali,15/10/2022,26.2
Barranquilla,15/10/2022,30.4
Cartagena,15/10/2022,32.2
Bogota,16/10/2022,12.1
Medellin,16/10/2022,24.9
Cali,16/10/2022,27.4
Barranquilla,16/10/2022,33.8
Cartagena,16/10/2022,29.6
Bogota,17/10/2022,16.9
Medellin,17/10/2022,25.6
Cali,17/10/2022,29.8
Barranquilla,17/10/2022,32.0
Cartagena,17/10/2022,27.5
Bogota,18/10/2022,14.0
Medellin,18/10/2022,23.1
Cali,18/10/2022,30.0
Barranquilla,18/10/2022,31.9
Cartagena,18/10/2022,28.1
Bogota,19/10/2022,16.3
Medellin,19/10/2022,21.3
Cali,19/10/2022,29.6
Barranquilla,19/10/2022,28.8
Cartagena,19/10/2022,29.1
Bogota,20/10/2022,16.2
Medellin,20/10/2022,24.7
Cali,20/10/2022,24.1
Barranquilla,20/10/2022,28.9
Cartagena,20/10/2022,32.5
Bogota,21/10/2022,15.2
Medellin,21/10/2022,25.3
Cali,21/10/2022,25.5
Barranquilla,21/10/2022,28.9
Cartagena,21/10/2022,30.7
Bogota,22/10/2022,12.7
Medellin,22/10/2022,26.0
Cali,22/10/2022,29.2
Barranquilla,22/10/2022,28.8
Cartagena,22/10/2022,28.5
Bogota,23/10/2022,15.8
Medellin,23/10/2022,23.4
Cali,23/10/2022,28.5
Barranquilla,23/10/2022,29.6
Cartagena,23/10/2022,29.4
Bogota,24/10/2022,16.1
Medellin,24/10/2022,24.9
Cali,24/10/2022,25.5
Barranquilla,24/10/2022,29.8
Cartagena,24/10/2022,32.3
Bogota,25/10/2022,12.4
Medellin,25/10/2022,24.1
Cali,25/10/2022,26.7
Barranquilla,25/10/2022,33.2
Cartagena,25/10/2022,32.9
Bogota,26/10/2022,16.5
Medellin,26/10/2022,24.8
Cali,26/10/2022,26.2
Barranquilla,26/10/2022,31.2
Cartagena,26/10/2022,31.0
Bogota,27/10/2022,13.9
Medellin,27/10/2022,24.8
Cali,27/10/2022,24.2
Barranquilla,27/10/2022,31.1
Cartagena,27/10/2022,30.9
Bogota,28/10/2022,14.1
Medellin,28/10/2022,25.0
Cali,28/10/2022,27.8
Barranquilla,28/10/2022,31.7
Cartagena,28/10/2022,28.1
Bogota,29/10/2022,12.3
Medellin,29/10/2022,21.1
Cali,29/10/2022,27.4
Barranquilla,29/10/2022,32.3
Cartagena,29/10/2022,30.5
Bogota,30/10/2022,12.7
Medellin,30/10/2022,25.9
Cali,30/10/2022,27.0
Barranquilla,30/10/2022,33.1
Cartagena,30/10/2022,31.5
Bogota,31/10/2022,16.5
Medellin,31/10/2022,25.9
Cali,31/10/2022,24.8
Barranquilla,31/10/2022,33.1
Cartagena,31/10/2022,27.1
Bogota,01/11/2022,13.0
Medellin,01/11/2022,21.6
Cali,01/11/2022,26.8
Barranquilla,01/11/2022,31.7
Cartagena,01/11/2022,27.6
Bogota,02/11/2022,16.3
Medellin,02/11/2022,24.6
Cali,02/11/2022,27.0
Barranquilla,02/11/2022,29.6
Cartagena,02/11/2022,32.0
Bogota,03/11/2022,16.6
Medellin,03/11/2022,25.7
Cali,03/11/2022,29.6
Barranquilla,03/11/2022,33.8
Cartagena,03/11/2022,30.5
Bogota,04/11/2022,16.1
Medellin,04/11/2022,22.7
Cali,04/11/2022,26.6
Barranquilla,04/11/2022,29.1
Cartagena,04/11/2022,30.7
Bogota,05/11/2022,15.8
Medellin,05/11/2022,21.3
Cali,05/11/2022,26.6
Barranquilla,05/11/2022,31.1
Cartagena,05/11/2022,28.3
Bogota,06/11/2022,12.4
Medellin,06/11/2022,21.8
Cali,06/11/2022,28.7
Barranquilla,06/11/2022,30.3
Cartagena,06/11/2022,29.4
Bogota,07/11/2022,16.0
Medellin,07/11/2022,22.5
Cali,07/11/2022,29.7
Barranquilla,07/11/2022,32.6
Cartagena,07/11/2022,29.7
Bogota,08/11/2022,12.8
Medellin,08/11/2022,20.5
Cali,08/11/2022,29.7
Barranquilla,08/11/2022,29.8
Cartagena,08/11/2022,29.4
Bogota,09/11/2022,15.6
Medellin,09/11/2022,22.9
Cali,09/11/2022,24.6
Barranquilla,09/11/2022,29.7
Cartagena,09/11/2022,31.0
Bogota,10/11/2022,13.2
Medellin,10/11/2022,24.9
Cali,10/11/2022,29.3
Barranquilla,10/11/2022,29.9
Cartagena,10/11/2022,28.0
Bogota,11/11/2022,14.0
Medellin,11/11/2022,20.1
Cali,11/11/2022,24.6
Barranquilla,11/11/2022,29.2
Cartagena,11/11/2022,32.2
Bogota,12/11/2022,12.6
Medellin,12/11/2022,21.5
Cali,12/11/2022,26.2
Barranquilla,12/11/2022,30.2
Cartagena,12/11/2022,28.3
Bogota,13/11/2022,14.4
Medellin,13/11/2022,24.8
Cali,13/11/2022,28.7
Barranquilla,13/11/2022,29.9
Cartagena,13/11/2022,31.7
Bogota,14/11/2022,13.4
Medellin,14/11/2022,20.7
Cali,14/11/2022,28.6
Barranquilla,14/11/2022,30.8
Cartagena,14/11/2022,29.4
Bogota,15/11/2022,16.7
Medellin,15/11/2022,24.7
Cali,15/11/2022,25.2
Barranquilla,15/11/2022,28.9
Cartagena,15/11/2022,30.8
Bogota,16/11/2022,15.5
Medellin,16/11/2022,21.6
Cali,16/11/2022,28.1
Barranquilla,16/11/2022,32.4
Cartagena,16/11/2022,29.0
Bogota,17/11/2022,14.4
Medellin,17/11/2022,25.4
Cali,17/11/2022,25.4
Barranquilla,17/11/2022,29.5
Cartagena,17/11/2022,29.6
Bogota,18/11/2022,14.7
Medellin,18/11/2022,23.7
Cali,18/11/2022,24.4
Barranquilla,18/11/2022,31.2
Cartagena,18/11/2022,32.0
Bogota,19/11/2022,14.5
Medellin,19/11/2022,21.5
Cali,19/11/2022,29.6
Barranquilla,19/11/2022,30.4
Cartagena,19/11/2022,27.2
Bogota,20/11/2022,13.3
Medellin,20/11/2022,23.5
Cali,20/11/2022,27.2
Barranquilla,20/11/2022,29.8
Cartagena,20/11/2022,28.8
Bogota,21/11/2022,15.8
Medellin,21/11/2022,20.6
Cali,21/11/2022,25.3
Barranquilla,21/11/2022,32.5
Cartagena,21/11/2022,30.7
Bogota,22/11/2022,16.8
Medellin,22/11/2022,22.7
Cali,22/11/2022,24.3
Barranquilla,22/11/2022,31.6
Cartagena,22/11/2022,32.9
Bogota,23/11/2022,13.7
Medellin,23/11/2022,21.8
Cali,23/11/2022,25.9
Barranquilla,23/11/2022,31.8
Cartagena,23/11/2022,32.3
Bogota,24/11/2022,15.1
Medellin,24/11/2022,23.7
Cali,24/11/2022,29.7
Barranquilla,24/11/2022,28.5
Cartagena,24/11/2022,29.0
Bogota,25/11/2022,12.2
Medellin,25/11/2022,24.4
Cali,25/11/2022,27.5
Barranquilla,25/11/2022,30.6
Cartagena,25/11/2022,30.7
Bogota,26/11/2022,16.8
Medellin,26/11/2022,20.7
Cali,26/11/2022,25.9
Barranquilla,26/11/2022,28.7
Cartagena,26/11/2022,27.7
Bogota,27/11/2022,12.8
Medellin,27/11/2022,23.7
Cali,27/11/2022,26.4
Barranquilla,27/11/2022,30.3
Cartagena,27/11/2022,28.8
Bogota,28/11/2022,12.8
Medellin,28/11/2022,23.9
Cali,28/11/2022,26.5
Barranquilla,28/11/2022,30.4
Cartagena,28/11/2022,32.2
Bogota,29/11/2022,13.1
Medellin,29/11/2022,24.8
Cali,29/11/2022,25.5
Barranquilla,29/11/2022,30.5
Cartagena,29/11/2022,28.8
Bogota,30/11/2022,15.5
Medellin,30/11/2022,25.3
Cali,30/11/2022,26.1
Barranquilla,30/11/2022,33.0
Cartagena,30/11/2022,31.5
Bogota,01/12/2022,15.3
Medellin,01/12/2022,24.3
Cali,01/12/2022,24.3
Barranquilla,01/12/2022,28.5
Cartagena,01/12/2022,31.6
Bogota,02/12/2022,15.1
Medellin,02/12/2022,25.4
Cali,02/12/2022,26.9
Barranquilla,02/12/2022,29.8
Cartagena,02/12/2022,27.4
Bogota,03/12/2022,16.1
Medellin,03/12/2022,22.1
Cali,03/12/2022,28.2
Barranquilla,03/12/2022,32.0
Cartagena,03/12/2022,31.3
Bogota,04/12/2022,15.0
Medellin,04/12/2022,24.2
Cali,04/12/2022,29.6
Barranquilla,04/12/2022,29.4
Cartagena,04/12/2022,32.5
Bogota,05/12/2022,16.8
Medellin,05/12/2022,23.5
Cali,05/12/2022,28.1
Barranquilla,05/12/2022,29.4
Cartagena,05/12/2022,31.7
Bogota,06/12/2022,12.8
Medellin,06/12/2022,21.8
Cali,06/12/2022,26.5
Barranquilla,06/12/2022,33.5
Cartagena,06/12/2022,29.4
Bogota,07/12/2022,16.5
Medellin,07/12/2022,23.7
Cali,07/12/2022,28.9
Barranquilla,07/12/2022,28.5
Cartagena,07/12/2022,32.3
Bogota,08/12/2022,16.6
Medellin,08/12/2022,23.7
Cali,08/12/2022,25.9
Barranquilla,08/12/2022,28.6
Cartagena,08/12/2022,32.4
Bogota,09/12/2022,14.4
Medellin,09/12/2022,22.3
Cali,09/12/2022,28.6
Barranquilla,09/12/2022,30.7
Cartagena,09/12/2022,32.5
Bogota,10/12/2022,16.5
Medellin,10/12/2022,21.5
Cali,10/12/2022,27.0
Barranquilla,10/12/2022,29.1
Cartagena,10/12/2022,29.1
Bogota,11/12/2022,13.0
Medellin,11/12/2022,21.5
Cali,11/12/2022,27.4
Barranquilla,11/12/2022,31.4
Cartagena,11/12/2022,27.3
Bogota,12/12/2022,15.6
Medellin,12/12/2022,25.4
Cali,12/12/2022,26.5
Barranquilla,12/12/2022,33.0
Cartagena,12/12/2022,32.6
Bogota,13/12/2022,14.7
Medellin,13/12/2022,23.6
Cali,13/12/2022,24.9
Barranquilla,13/12/2022,33.6
Cartagena,13/12/2022,31.1
Bogota,14/12/2022,13.7
Medellin,14/12/2022,20.8
Cali,14/12/2022,28.8
Barranquilla,14/12/2022,33.2
Cartagena,14/12/2022,30.8
Bogota,15/12/2022,15.4
Medellin,15/12/2022,24.4
Cali,15/12/2022,26.2
Barranquilla,15/12/2022,33.1
Cartagena,15/12/2022,29.3
Bogota,16/12/2022,13.7
Medellin,16/12/2022,24.9
Cali,16/12/2022,26.2
Barranquilla,16/12/2022,28.3
Cartagena,16/12/2022,32.3
Bogota,17/12/2022,16.2
Medellin,17/12/2022,24.1
Cali,17/12/2022,28.5
Barranquilla,17/12/2022,30.6
Cartagena,17/12/2022,28.8
Bogota,18/12/2022,16.6
Medellin,18/12/2022,20.2
Cali,18/12/2022,29.4
Barranquilla,18/12/2022,31.8
Cartagena,18/12/2022,27.4
Bogota,19/12/2022,14.8
Medellin,19/12/2022,24.8
Cali,19/12/2022,24.4
Barranquilla,19/12/2022,32.5
Cartagena,19/12/2022,29.2
Bogota,20/12/2022,13.1
Medellin,20/12/2022,25.0
Cali,20/12/2022,26.4
Barranquilla,20/12/2022,32.1
Cartagena,20/12/2022,29.2
Bogota,21/12/2022,16.9
Medellin,21/12/2022,22.8
Cali,21/12/2022,24.6
Barranquilla,21/12/2022,31.6
Cartagena,21/12/2022,29.8
Bogota,22/12/2022,15.4
Medellin,22/12/2022,21.2
Cali,22/12/2022,26.8
Barranquilla,22/12/2022,31.1
Cartagena,22/12/2022,30.1
Bogota,23/12/2022,15.0
Medellin,23/12/2022,23.3
Cali,23/12/2022,24.5
Barranquilla,23/12/2022,29.1
Cartagena,23/12/2022,27.6
Bogota,24/12/2022,15.6
Medellin,24/12/2022,21.4
Cali,24/12/2022,27.2
Barranquilla,24/12/2022,31.4
Cartagena,24/12/2022,29.7
Bogota,25/12/2022,15.3
Medellin,25/12/2022,20.8
Cali,25/12/2022,30.0
Barranquilla,25/12/2022,29.1
Cartagena,25/12/2022,28.1
Bogota,26/12/2022,16.1
Medellin,26/12/2022,23.7
Cali,26/12/2022,29.1
Barranquilla,26/12/2022,30.2
Cartagena,26/12/2022,29.3
Bogota,27/12/2022,12.5
Medellin,27/12/2022,22.4
Cali,27/12/2022,25.5
Barranquilla,27/12/2022,29.6
Cartagena,27/12/2022,30.0
Bogota,28/12/2022,15.4
Medellin,28/12/2022,21.2
Cali,28/12/2022,24.5
Barranquilla,28/12/2022,29.4
Cartagena,28/12/2022,31.4
Bogota,29/12/2022,14.1
Medellin,29/12/2022,20.7
Cali,29/12/2022,24.3
Barranquilla,29/12/2022,28.2
Cartagena,29/12/2022,27.5
Bogota,30/12/2022,12.4
Medellin,30/12/2022,24.4
Cali,30/12/2022,24.8
Barranquilla,30/12/2022,29.3
Cartagena,30/12/2022,30.9
Bogota,31/12/2022,14.5
Medellin,31/12/2022,20.3
Cali,31/12/2022,28.7
Barranquilla,31/12/2022,29.0
Cartagena,31/12/2022,29.9
Bogota,01/01/2023,12.0
Medellin,01/01/2023,25.8
Cali,01/01/2023,28.3
Barranquilla,01/01/2023,28.8
Cartagena,01/01/2023,29.2
Bogota,02/01/2023,14.1
Medellin,02/01/2023,25.9
Cali,02/01/2023,24.4
Barranquilla,02/01/2023,32.5
Cartagena,02/01/2023,29.5
Bogota,03/01/2023,12.2
Medellin,03/01/2023,22.9
Cali,03/01/2023,25.0
Barranquilla,03/01/2023,32.5
Cartagena,03/01/2023,29.6
Bogota,04/01/2023,13.8
Medellin,04/01/2023,25.0
Cali,04/01/2023,25.7
Barranquilla,04/01/2023,31.2
Cartagena,04/01/2023,27.5
Bogota,05/01/2023,12.2
Medellin,05/01/2023,25.9
Cali,05/01/2023,24.3
Barranquilla,05/01/2023,30.5
Cartagena,05/01/2023,31.2
Bogota,06/01/2023,12.6
Medellin,06/01/2023,22.4
Cali,06/01/2023,26.5
Barranquilla,06/01/2023,34.0
Cartagena,06/01/2023,31.4
Bogota,07/01/2023,16.1
Medellin,07/01/2023,24.5
Cali,07/01/2023,25.4
Barranquilla,07/01/2023,28.8
Cartagena,07/01/2023,33.0
Bogota,08/01/2023,16.1
Medellin,08/01/2023,21.1
Cali,08/01/2023,24.9
Barranquilla,08/01/2023,33.1
Cartagena,08/01/2023,27.3
Bogota,09/01/2023,12.0
Medellin,09/01/2023,20.7
Cali,09/01/2023,26.6
Barranquilla,09/01/2023,32.4
Cartagena,09/01/2023,27.8
Bogota,10/01/2023,16.3
Medellin,10/01/2023,20.9
Cali,10/01/2023,29.9
Barranquilla,10/01/2023,32.1
Cartagena,10/01/2023,30.4
Bogota,11/01/2023,13.4
Medellin,11/01/2023,20.5
Cali,11/01/2023,28.2
Barranquilla,11/01/2023,30.8
Cartagena,11/01/2023,29.5
Bogota,12/01/2023,13.7
Medellin,12/01/2023,20.4
Cali,12/01/2023,27.2
Barranquilla,12/01/2023,30.1
Cartagena,12/01/2023,31.3
Bogota,13/01/2023,14.0
Medellin,13/01/2023,23.6
Cali,13/01/2023,25.9
Barranquilla,13/01/2023,30.4
Cartagena,13/01/2023,30.6
Bogota,14/01/2023,16.8
Medellin,14/01/2023,22.1
Cali,14/01/2023,24.1
Barranquilla,14/01/2023,32.6
Cartagena,14/01/2023,30.0
Bogota,15/01/2023,13.4
Medellin,15/01/2023,22.8
Cali,15/01/2023,26.0
Barranquilla,15/01/2023,33.5
Cartagena,15/01/2023,32.6
Bogota,16/01/2023,15.0
Medellin,16/01/2023,21.4
Cali,16/01/2023,26.9
Barranquilla,16/01/2023,32.4
Cartagena,16/01/2023,32.9
Bogota,17/01/2023,16.0
Medellin,17/01/2023,23.9
Cali,17/01/2023,24.5
Barranquilla,17/01/2023,32.0
Cartagena,17/01/2023,27.1
Bogota,18/01/2023,13.9
Medellin,18/01/2023,24.7
Cali,18/01/2023,28.4
Barranquilla,18/01/2023,33.7
Cartagena,18/01/2023,29.7
Bogota,19/01/2023,15.7
Medellin,19/01/2023,22.8
Cali,19/01/2023,28.0
Barranquilla,19/01/2023,31.6
Cartagena,19/01/2023,30.2
Bogota,20/01/2023,12.1
Medellin,20/01/2023,24.7
Cali,20/01/2023,25.1
Barranquilla,20/01/2023,28.1
Cartagena,20/01/2023,28.4
Bogota,21/01/2023,13.1
Medellin,21/01/2023,25.7
Cali,21/01/2023,24.7
Barranquilla,21/01/2023,28.7
Cartagena,21/01/2023,30.5
Bogota,22/01/2023,15.3
Medellin,22/01/2023,26.0
Cali,22/01/2023,28.8
Barranquilla,22/01/2023,31.3
Cartagena,22/01/2023,31.5
Bogota,23/01/2023,12.4
Medellin,23/01/2023,23.1
Cali,23/01/2023,29.2
Barranquilla,23/01/2023,28.6
Cartagena,23/01/2023,29.6
Bogota,24/01/2023,13.5
Medellin,24/01/2023,21.6
Cali,24/01/2023,26.5
Barranquilla,24/01/2023,33.3
Cartagena,24/01/2023,27.2
Bogota,25/01/2023,13.8
Medellin,25/01/2023,23.4
Cali,25/01/2023,29.5
Barranquilla,25/01/2023,33.6
Cartagena,25/01/2023,30.8
Bogota,26/01/2023,14.5
Medellin,26/01/2023,21.3
Cali,26/01/2023,24.1
Barranquilla,26/01/2023,29.6
Cartagena,26/01/2023,27.7
Bogota,27/01/2023,15.8
Medellin,27/01/2023,23.0
Cali,27/01/2023,25.7
Barranquilla,27/01/2023,31.0
Cartagena,27/01/2023,28.4
Bogota,28/01/2023,16.5
Medellin,28/01/2023,24.4
Cali,28/01/2023,24.1
Barranquilla,28/01/2023,28.5
Cartagena,28/01/2023,30.4
Bogota,29/01/2023,16.9
Medellin,29/01/2023,24.8
Cali,29/01/2023,25.5
Barranquilla,29/01/2023,31.8
Cartagena,29/01/2023,27.1
Bogota,30/01/2023,13.1
Medellin,30/01/2023,23.4
Cali,30/01/2023,27.0
Barranquilla,30/01/2023,31.7
Cartagena,30/01/2023,29.3
Bogota,31/01/2023,15.7
Medellin,31/01/2023,24.7
Cali,31/01/2023,25.2
Barranquilla,31/01/2023,30.2
Cartagena,31/01/2023,27.3
Bogota,01/02/2023,13.0
Medellin,01/02/2023,24.7
Cali,01/02/2023,28.2
Barranquilla,01/02/2023,28.1
Cartagena,01/02/2023,31.7
Bogota,02/02/2023,13.1
Medellin,02/02/2023,22.7
Cali,02/02/2023,24.9
Barranquilla,02/02/2023,33.2
Cartagena,02/02/2023,27.9
Bogota,03/02/2023,12.0
Medellin,03/02/2023,25.6
Cali,03/02/2023,24.6
Barranquilla,03/02/2023,28.3
Cartagena,03/02/2023,28.6
Bogota,04/02/2023,13.0
Medellin,04/02/2023,22.0
Cali,04/02/2023,26.8
Barranquilla,04/02/2023,28.5
Cartagena,04/02/2023,29.6
Bogota,05/02/2023,13.1
Medellin,05/02/2023,20.5
Cali,05/02/2023,27.0
Barranquilla,05/02/2023,29.6
Cartagena,05/02/2023,29.6
Bogota,06/02/2023,12.9
Medellin,06/02/2023,22.5
Cali,06/02/2023,27.0
Barranquilla,06/02/2023,32.8
Cartagena,06/02/2023,30.9
Bogota,07/02/2023,15.9
Medellin,07/02/2023,23.5
Cali,07/02/2023,27.9
Barranquilla,07/02/2023,32.8
Cartagena,07/02/2023,29.5
Bogota,08/02/2023,13.6
Medellin,08/02/2023,21.0
Cali,08/02/2023,29.2
Barranquilla,08/02/2023,32.2
Cartagena,08/02/2023,29.3
Bogota,09/02/2023,14.3
Medellin,09/02/2023,21.5
Cali,09/02/2023,26.9
Barranquilla,09/02/2023,31.6
Cartagena,09/02/2023,27.4
Bogota,10/02/2023,12.2
Medellin,10/02/2023,25.5
Cali,10/02/2023,28.9
Barranquilla,10/02/2023,33.4
Cartagena,10/02/2023,31.9
Bogota,11/02/2023,14.4
Medellin,11/02/2023,25.7
Cali,11/02/2023,28.9
Barranquilla,11/02/2023,30.8
Cartagena,11/02/2023,32.9
Bogota,12/02/2023,12.6
Medellin,12/02/2023,20.3
Cali,12/02/2023,26.0
Barranquilla,12/02/2023,32.6
Cartagena,12/02/2023,30.5
Bogota,13/02/2023,16.5
Medellin,13/02/2023,22.1
Cali,13/02/2023,24.8
Barranquilla,13/02/2023,28.9
Cartagena,13/02/2023,27.4
Bogota,14/02/2023,16.3
Medellin,14/02/2023,21.7
Cali,14/02/2023,29.5
Barranquilla,14/02/2023,30.9
Cartagena,14/02/2023,30.8
Bogota,15/02/2023,16.2
Medellin,15/02/2023,20.8
Cali,15/02/2023,25.7
Barranquilla,15/02/2023,32.8
Cartagena,15/02/2023,28.7
Bogota,16/02/2023,15.4
Medellin,16/02/2023,21.2
Cali,16/02/2023,25.6
Barranquilla,16/02/2023,28.3
Cartagena,16/02/2023,29.0
Bogota,17/02/2023,13.5
Medellin,17/02/2023,20.5
Cali,17/02/2023,28.1
Barranquilla,17/02/2023,29.8
Cartagena,17/02/2023,32.4
Bogota,18/02/2023,12.6
Medellin,18/02/2023,21.4
Cali,18/02/2023,24.5
Barranquilla,18/02/2023,28.9
Cartagena,18/02/2023,32.9
Bogota,19/02/2023,15.9
Medellin,19/02/2023,25.0
Cali,19/02/2023,26.1
Barranquilla,19/02/2023,31.1
Cartagena,19/02/2023,30.6
Bogota,20/02/2023,12.6
Medellin,20/02/2023,25.7
Cali,20/02/2023,25.0
Barranquilla,20/02/2023,28.0
Cartagena,20/02/2023,31.6
Bogota,21/02/2023,15.1
Medellin,21/02/2023,24.6
Cali,21/02/2023,26.8
Barranquilla,21/02/2023,31.4
Cartagena,21/02/2023,31.9
Bogota,22/02/2023,14.7
Medellin,22/02/2023,25.4
Cali,22/02/2023,24.3
Barranquilla,22/02/2023,33.8
Cartagena,22/02/2023,30.1
Bogota,23/02/2023,15.5
Medellin,23/02/2023,20.4
Cali,23/02/2023,27.5
Barranquilla,23/02/2023,29.4
Cartagena,23/02/2023,27.3
Bogota,24/02/2023,14.8
Medellin,24/02/2023,22.9
Cali,24/02/2023,28.7
Barranquilla,24/02/2023,33.4
Cartagena,24/02/2023,31.2
Bogota,25/02/2023,13.9
Medellin,25/02/2023,25.3
Cali,25/02/2023,28.2
Barranquilla,25/02/2023,28.8
Cartagena,25/02/2023,32.7
Bogota,26/02/2023,15.7
Medellin,26/02/2023,20.7
Cali,26/02/2023,28.6
Barranquilla,26/02/2023,30.3
Cartagena,26/02/2023,29.7
Bogota,27/02/2023,14.2
Medellin,27/02/2023,25.1
Cali,27/02/2023,27.3
Barranquilla,27/02/2023,33.2
Cartagena,27/02/2023,31.5
Bogota,28/02/2023,13.5
Medellin,28/02/2023,22.0
Cali,28/02/2023,25.1
Barranquilla,28/02/2023,29.9
Cartagena,28/02/2023,29.6
Bogota,01/03/2023,13.6
Medellin,01/03/2023,21.8
Cali,01/03/2023,29.7
Barranquilla,01/03/2023,30.2
Cartagena,01/03/2023,31.3
Bogota,02/03/2023,14.3
Medellin,02/03/2023,25.2
Cali,02/03/2023,25.0
Barranquilla,02/03/2023,28.5
Cartagena,02/03/2023,32.1
Bogota,03/03/2023,14.7
Medellin,03/03/2023,20.5
Cali,03/03/2023,26.6
Barranquilla,03/03/2023,28.2
Cartagena,03/03/2023,31.8
Bogota,04/03/2023,16.0
Medellin,04/03/2023,20.1
Cali,04/03/2023,24.4
Barranquilla,04/03/2023,29.2
Cartagena,04/03/2023,28.7
Bogota,05/03/2023,14.6
Medellin,05/03/2023,21.3
Cali,05/03/2023,26.4
Barranquilla,05/03/2023,31.9
Cartagena,05/03/2023,31.6
Bogota,06/03/2023,12.2
Medellin,06/03/2023,23.8
Cali,06/03/2023,28.5
Barranquilla,06/03/2023,31.0
Cartagena,06/03/2023,29.3
Bogota,07/03/2023,12.9
Medellin,07/03/2023,22.1
Cali,07/03/2023,28.9
Barranquilla,07/03/2023,32.3
Cartagena,07/03/2023,28.8
Bogota,08/03/2023,16.9
Medellin,08/03/2023,24.9
Cali,08/03/2023,27.5
Barranquilla,08/03/2023,33.7
Cartagena,08/03/2023,31.9
Bogota,09/03/2023,13.3
Medellin,09/03/2023,23.5
Cali,09/03/2023,27.7
Barranquilla,09/03/2023,31.9
Cartagena,09/03/2023,29.4
Bogota,10/03/2023,14.1
Medellin,10/03/2023,23.1
Cali,10/03/2023,28.7
Barranquilla,10/03/2023,31.5
Cartagena,10/03/2023,32.3
Bogota,11/03/2023,13.5
Medellin,11/03/2023,23.9
Cali,11/03/2023,25.3
Barranquilla,11/03/2023,33.6
Cartagena,11/03/2023,29.1
Bogota,12/03/2023,13.1
Medellin,12/03/2023,20.6
Cali,12/03/2023,24.6
Barranquilla,12/03/2023,33.9
Cartagena,12/03/2023,30.5
Bogota,13/03/2023,13.8
Medellin,13/03/2023,20.5
Cali,13/03/2023,28.7
Barranquilla,13/03/2023,30.6
Cartagena,13/03/2023,30.8
Bogota,14/03/2023,13.6
Medellin,14/03/2023,21.2
Cali,14/03/2023,29.1
Barranquilla,14/03/2023,33.3
Cartagena,14/03/2023,29.3
Bogota,15/03/2023,15.6
Medellin,15/03/2023,24.0
Cali,15/03/2023,28.1
Barranquilla,15/03/2023,30.6
Cartagena,15/03/2023,28.8
Bogota,16/03/2023,13.6
Medellin,16/03/2023,21.8
Cali,16/03/2023,29.5
Barranquilla,16/03/2023,30.5
Cartagena,16/03/2023,28.0
Bogota,17/03/2023,13.4
Medellin,17/03/2023,22.2
Cali,17/03/2023,26.7
Barranquilla,17/03/2023,31.9
Cartagena,17/03/2023,32.6
Bogota,18/03/2023,16.7
Medellin,18/03/2023,22.6
Cali,18/03/2023,29.2
Barranquilla,18/03/2023,28.4
Cartagena,18/03/2023,32.2
Bogota,19/03/2023,13.1
Medellin,19/03/2023,24.6
Cali,19/03/2023,25.4
Barranquilla,19/03/2023,31.8
Cartagena,19/03/2023,30.8
Bogota,20/03/2023,16.0
Medellin,20/03/2023,24.6
Cali,20/03/2023,29.5
Barranquilla,20/03/2023,31.8
Cartagena,20/03/2023,29.9
Bogota,21/03/2023,14.5
Medellin,21/03/2023,25.5
Cali,21/03/2023,26.0
Barranquilla,21/03/2023,32.7
Cartagena,21/03/2023,33.0
Bogota,22/03/2023,12.3
Medellin,22/03/2023,25.5
Cali,22/03/2023,27.6
Barranquilla,22/03/2023,28.6
Cartagena,22/03/2023,27.8
Bogota,23/03/2023,16.1
Medellin,23/03/2023,22.2
Cali,23/03/2023,25.8
Barranquilla,23/03/2023,32.3
Cartagena,23/03/2023,32.4
Bogota,24/03/2023,13.0
Medellin,24/03/2023,23.1
Cali,24/03/2023,24.6
Barranquilla,24/03/2023,30.4
Cartagena,24/03/2023,28.2
Bogota,25/03/2023,16.8
Medellin,25/03/2023,23.8
Cali,25/03/2023,28.6
Barranquilla,25/03/2023,28.8
Cartagena,25/03/2023,27.4
Bogota,26/03/2023,12.2
Medellin,26/03/2023,22.2
Cali,26/03/2023,26.9
Barranquilla,26/03/2023,33.6
Cartagena,26/03/2023,28.8
Bogota,27/03/2023,16.2
Medellin,27/03/2023,25.4
Cali,27/03/2023,27.4
Barranquilla,27/03/2023,29.4
Cartagena,27/03/2023,30.2
Bogota,28/03/2023,12.4
Medellin,28/03/2023,21.7
Cali,28/03/2023,24.7
Barranquilla,28/03/2023,29.3
Cartagena,28/03/2023,29.2
Bogota,29/03/2023,13.5
Medellin,29/03/2023,25.3
Cali,29/03/2023,27.0
Barranquilla,29/03/2023,32.8
Cartagena,29/03/2023,31.6
Bogota,30/03/2023,15.0
Medellin,30/03/2023,23.6
Cali,30/03/2023,27.5
Barranquilla,30/03/2023,33.9
Cartagena,30/03/2023,28.5
Bogota,31/03/2023,12.2
Medellin,31/03/2023,24.3
Cali,31/03/2023,29.2
Barranquilla,31/03/2023,33.1
Cartagena,31/03/2023,27.9
Bogota,01/04/2023,15.6
Medellin,01/04/2023,25.2
Cali,01/04/2023,27.1
Barranquilla,01/04/2023,29.6
Cartagena,01/04/2023,29.0
Bogota,02/04/2023,12.5
Medellin,02/04/2023,22.6
Cali,02/04/2023,27.9
Barranquilla,02/04/2023,28.3
Cartagena,02/04/2023,29.1
Bogota,03/04/2023,15.8
Medellin,03/04/2023,20.1
Cali,03/04/2023,29.9
Barranquilla,03/04/2023,28.4
Cartagena,03/04/2023,27.5
Bogota,04/04/2023,13.6
Medellin,04/04/2023,23.2
Cali,04/04/2023,28.5
Barranquilla,04/04/2023,32.0
Cartagena,04/04/2023,28.1
Bogota,05/04/2023,12.4
Medellin,05/04/2023,20.6
Cali,05/04/2023,24.3
Barranquilla,05/04/2023,33.9
Cartagena,05/04/2023,27.9
Bogota,06/04/2023,15.8
Medellin,06/04/2023,25.4
Cali,06/04/2023,25.1
Barranquilla,06/04/2023,30.4
Cartagena,06/04/2023,28.2
Bogota,07/04/2023,16.0
Medellin,07/04/2023,22.3
Cali,07/04/2023,27.7
Barranquilla,07/04/2023,30.3
Cartagena,07/04/2023,27.3
Bogota,08/04/2023,16.3
Medellin,08/04/2023,24.6
Cali,08/04/2023,26.8
Barranquilla,08/04/2023,33.3
Cartagena,08/04/2023,31.3
Bogota,09/04/2023,16.2
Medellin,09/04/2023,21.4
Cali,09/04/2023,27.9
Barranquilla,09/04/2023,30.0
Cartagena,09/04/2023,27.9
Bogota,10/04/2023,12.7
Medellin,10/04/2023,23.4
Cali,10/04/2023,29.0
Barranquilla,10/04/2023,32.2
Cartagena,10/04/2023,31.3
Bogota,11/04/2023,14.4
Medellin,11/04/2023,25.2
Cali,11/04/2023,28.3
Barranquilla,11/04/2023,31.4
Cartagena,11/04/2023,33.0
Bogota,12/04/2023,16.1
Medellin,12/04/2023,21.4
Cali,12/04/2023,27.6
Barranquilla,12/04/2023,29.9
Cartagena,12/04/2023,30.1
Bogota,13/04/2023,16.5
Medellin,13/04/2023,23.3
Cali,13/04/2023,27.0
Barranquilla,13/04/2023,33.8
Cartagena,13/04/2023,29.8
Bogota,14/04/2023,16.4
Medellin,14/04/2023,22.2
Cali,14/04/2023,27.7
Barranquilla,14/04/2023,29.4
Cartagena,14/04/2023,29.4
Bogota,15/04/2023,15.6
Medellin,15/04/2023,22.3
Cali,15/04/2023,26.5
Barranquilla,15/04/2023,29.7
Cartagena,15/04/2023,28.0
Bogota,16/04/2023,12.9
Medellin,16/04/2023,21.2
Cali,16/04/2023,26.5
Barranquilla,16/04/2023,33.8
Cartagena,16/04/2023,32.6
Bogota,17/04/2023,13.4
Medellin,17/04/2023,25.2
Cali,17/04/2023,27.4
Barranquilla,17/04/2023,29.9
Cartagena,17/04/2023,29.2
Bogota,18/04/2023,13.1
Medellin,18/04/2023,25.3
Cali,18/04/2023,26.3
Barranquilla,18/04/2023,29.2
Cartagena,18/04/2023,28.9
Bogota,19/04/2023,13.5
Medellin,19/04/2023,22.2
Cali,19/04/2023,25.9
Barranquilla,19/04/2023,30.1
Cartagena,19/04/2023,32.7
Bogota,20/04/2023,14.0
Medellin,20/04/2023,23.1
Cali,20/04/2023,26.5
Barranquilla,20/04/2023,33.0
Cartagena,20/04/2023,30.1
Bogota,21/04/2023,16.3
Medellin,21/04/2023,24.7
Cali,21/04/2023,28.8
Barranquilla,21/04/2023,32.9
Cartagena,21/04/2023,29.0
Bogota,22/04/2023,13.5
Medellin,22/04/2023,23.2
Cali,22/04/2023,24.5
Barranquilla,22/04/2023,28.2
Cartagena,22/04/2023,28.4
Bogota,23/04/2023,14.6
Medellin,23/04/2023,23.7
Cali,23/04/2023,24.3
Barranquilla,23/04/2023,28.7
Cartagena,23/04/2023,27.2
Bogota,24/04/2023,12.8
Medellin,24/04/2023,20.3
Cali,24/04/2023,27.8
Barranquilla,24/04/2023,32.0
Cartagena,24/04/2023,30.4
Bogota,25/04/2023,12.4
Medellin,25/04/2023,25.1
Cali,25/04/2023,27.3
Barranquilla,25/04/2023,33.4
Cartagena,25/04/2023,30.1
Bogota,26/04/2023,15.5
Medellin,26/04/2023,23.5
Cali,26/04/2023,28.6
Barranquilla,26/04/2023,29.0
Cartagena,26/04/2023,31.7
Bogota,27/04/2023,16.5
Medellin,27/04/2023,23.7
Cali,27/04/2023,25.0
Barranquilla,27/04/2023,31.8
Cartagena,27/04/2023,27.4
Bogota,28/04/2023,12.2
Medellin,28/04/2023,21.6
Cali,28/04/2023,28.4
Barranquilla,28/04/2023,29.2
Cartagena,28/04/2023,32.1
Bogota,29/04/2023,13.5
Medellin,29/04/2023,22.4
Cali,29/04/2023,27.1
Barranquilla,29/04/2023,33.2
Cartagena,29/04/2023,27.4
Bogota,30/04/2023,12.9
Medellin,30/04/2023,23.0
Cali,30/04/2023,27.6
Barranquilla,30/04/2023,33.1
Cartagena,30/04/2023,28.8
Bogota,01/05/2023,15.8
Medellin,01/05/2023,25.1
Cali,01/05/2023,25.5
Barranquilla,01/05/2023,28.9
Cartagena,01/05/2023,33.0
Bogota,02/05/2023,16.7
Medellin,02/05/2023,24.0
Cali,02/05/2023,29.7
Barranquilla,02/05/2023,32.7
Cartagena,02/05/2023,32.8
Bogota,03/05/2023,16.9
Medellin,03/05/2023,22.0
Cali,03/05/2023,28.3
Barranquilla,03/05/2023,29.9
Cartagena,03/05/2023,30.4
Bogota,04/05/2023,12.8
Medellin,04/05/2023,20.6
Cali,04/05/2023,29.8
Barranquilla,04/05/2023,28.6
Cartagena,04/05/2023,32.5
Bogota,05/05/2023,12.8
Medellin,05/05/2023,21.0
Cali,05/05/2023,25.0
Barranquilla,05/05/2023,29.5
Cartagena,05/05/2023,27.4
Bogota,06/05/2023,16.3
Medellin,06/05/2023,25.7
Cali,06/05/2023,24.7
Barranquilla,06/05/2023,29.7
Cartagena,06/05/2023,31.0
Bogota,07/05/2023,13.1
Medellin,07/05/2023,25.5
Cali,07/05/2023,28.5
Barranquilla,07/05/2023,34.0
Cartagena,07/05/2023,32.1
Bogota,08/05/2023,15.5
Medellin,08/05/2023,21.8
Cali,08/05/2023,26.1
Barranquilla,08/05/2023,32.1
Cartagena,08/05/2023,31.2
Bogota,09/05/2023,13.2
Medellin,09/05/2023,25.8
Cali,09/05/2023,29.0
Barranquilla,09/05/2023,30.9
Cartagena,09/05/2023,28.6
Bogota,10/05/2023,14.4
Medellin,10/05/2023,23.9
Cali,10/05/2023,24.7
Barranquilla,10/05/2023,32.5
Cartagena,10/05/2023,31.6
Bogota,11/05/2023,16.7
Medellin,11/05/2023,24.6
Cali,11/05/2023,25.6
Barranquilla,11/05/2023,28.2
Cartagena,11/05/2023,32.5
Bogota,12/05/2023,15.3
Medellin,12/05/2023,21.5
Cali,12/05/2023,29.4
Barranquilla,12/05/2023,31.7
Cartagena,12/05/2023,27.9
Bogota,13/05/2023,14.3
Medellin,13/05/2023,23.5
Cali,13/05/2023,26.9
Barranquilla,13/05/2023,32.4
Cartagena,13/05/2023,31.4
Bogota,14/05/2023,13.9
Medellin,14/05/2023,24.1
Cali,14/05/2023,26.1
Barranquilla,14/05/2023,30.0
Cartagena,14/05/2023,30.5
Bogota,15/05/2023,16.6
Medellin,15/05/2023,21.3
Cali,15/05/2023,29.4
Barranquilla,15/05/2023,30.0
Cartagena,15/05/2023,32.9
Bogota,16/05/2023,14.5
Medellin,16/05/2023,23.3
Cali,16/05/2023,27.7
Barranquilla,16/05/2023,28.1
Cartagena,16/05/2023,30.2
Bogota,17/05/2023,13.3
Medellin,17/05/2023,20.9
Cali,17/05/2023,26.9
Barranquilla,17/05/2023,33.4
Cartagena,17/05/2023,30.8
Bogota,18/05/2023,13.4
Medellin,18/05/2023,20.4
Cali,18/05/2023,25.5
Barranquilla,18/05/2023,30.3
Cartagena,18/05/2023,28.0
Bogota,19/05/2023,14.7
Medellin,19/05/2023,25.3
Cali,19/05/2023,24.6
Barranquilla,19/05/2023,29.2
Cartagena,19/05/2023,27.6
Bogota,20/05/2023,13.2
Medellin,20/05/2023,23.1
Cali,20/05/2023,27.8
Barranquilla,20/05/2023,32.3
Cartagena,20/05/2023,27.2
Bogota,21/05/2023,12.2
Medellin,21/05/2023,21.4
Cali,21/05/2023,24.1
Barranquilla,21/05/2023,33.5
Cartagena,21/05/2023,27.8
Bogota,22/05/2023,16.9
Medellin,22/05/2023,21.9
Cali,22/05/2023,28.6
Barranquilla,22/05/2023,33.9
Cartagena,22/05/2023,27.3
Bogota,23/05/2023,14.2
Medellin,23/05/2023,24.3
Cali,23/05/2023,28.2
Barranquilla,23/05/2023,28.6
Cartagena,23/05/2023,29.7
Bogota,24/05/2023,13.6
Medellin,24/05/2023,21.0
Cali,24/05/2023,24.2
Barranquilla,24/05/2023,30.3
Cartagena,24/05/2023,32.7
Bogota,25/05/2023,14.6
Medellin,25/05/2023,23.7
Cali,25/05/2023,29.8
Barranquilla,25/05/2023,28.0
Cartagena,25/05/2023,28.1
Bogota,26/05/2023,16.0
Medellin,26/05/2023,20.1
Cali,26/05/2023,25.2
Barranquilla,26/05/2023,29.7
Cartagena,26/05/2023,30.8
Bogota,27/05/2023,13.4
Medellin,27/05/2023,25.8
Cali,27/05/2023,25.4
Barranquilla,27/05/2023,33.5
Cartagena,27/05/2023,30.6
Bogota,28/05/2023,12.0
Medellin,28/05/2023,22.7
Cali,28/05/2023,27.5
Barranquilla,28/05/2023,33.1
Cartagena,28/05/2023,33.0
Bogota,29/05/2023,16.4
Medellin,29/05/2023,25.0
Cali,29/05/2023,26.1
Barranquilla,29/05/2023,29.5
Cartagena,29/05/2023,31.1
Bogota,30/05/2023,13.2
Medellin,30/05/2023,25.0
Cali,30/05/2023,30.0
Barranquilla,30/05/2023,33.7
Cartagena,30/05/2023,27.6
Bogota,31/05/2023,16.7
Medellin,31/05/2023,22.8
Cali,31/05/2023,29.6
Barranquilla,31/05/2023,33.6
Cartagena,31/05/2023,27.2
Bogota,01/06/2023,15.0
Medellin,01/06/2023,20.7
Cali,01/06/2023,29.9
Barranquilla,01/06/2023,32.9
Cartagena,01/06/2023,30.0
Bogota,02/06/2023,12.4
Medellin,02/06/2023,21.1
Cali,02/06/2023,26.4
Barranquilla,02/06/2023,32.0
Cartagena,02/06/2023,28.2
Bogota,03/06/2023,12.2
Medellin,03/06/2023,23.2
Cali,03/06/2023,24.8
Barranquilla,03/06/2023,29.7
Cartagena,03/06/2023,30.7
Bogota,04/06/2023,12.7
Medellin,04/06/2023,24.1
Cali,04/06/2023,29.6
Barranquilla,04/06/2023,32.6
Cartagena,04/06/2023,30.5
Bogota,05/06/2023,16.8
Medellin,05/06/2023,23.4
Cali,05/06/2023,24.5
Barranquilla,05/06/2023,29.6
Cartagena,05/06/2023,29.5
Bogota,06/06/2023,13.0
Medellin,06/06/2023,22.2
Cali,06/06/2023,29.0
Barranquilla,06/06/2023,30.6
Cartagena,06/06/2023,32.7
Bogota,07/06/2023,16.3
Medellin,07/06/2023,22.3
Cali,07/06/2023,26.9
Barranquilla,07/06/2023,30.1
Cartagena,07/06/2023,31.4
Bogota,08/06/2023,15.3
Medellin,08/06/2023,20.1
Cali,08/06/2023,25.9
Barranquilla,08/06/2023,33.2
Cartagena,08/06/2023,27.5
Bogota,09/06/2023,12.7
Medellin,09/06/2023,21.8
Cali,09/06/2023,27.3
Barranquilla,09/06/2023,33.5
Cartagena,09/06/2023,29.0
Bogota,10/06/2023,15.8
Medellin,10/06/2023,22.8
Cali,10/06/2023,27.0
Barranquilla,10/06/2023,33.9
Cartagena,10/06/2023,30.7
Bogota,11/06/2023,15.0
Medellin,11/06/2023,20.3
Cali,11/06/2023,27.2
Barranquilla,11/06/2023,29.3
Cartagena,11/06/2023,32.3
Bogota,12/06/2023,12.6
Medellin,12/06/2023,20.7
Cali,12/06/2023,28.8
Barranquilla,12/06/2023,28.6
Cartagena,12/06/2023,31.9
Bogota,13/06/2023,16.2
Medellin,13/06/2023,24.9
Cali,13/06/2023,25.7
Barranquilla,13/06/2023,29.8
Cartagena,13/06/2023,28.7
Bogota,14/06/2023,15.8
Medellin,14/06/2023,21.3
Cali,14/06/2023,24.6
Barranquilla,14/06/2023,33.8
Cartagena,14/06/2023,31.0
Bogota,15/06/2023,13.7
Medellin,15/06/2023,24.3
Cali,15/06/2023,25.7
Barranquilla,15/06/2023,32.2
Cartagena,15/06/2023,31.6
Bogota,16/06/2023,14.5
Medellin,16/06/2023,22.9
Cali,16/06/2023,29.4
Barranquilla,16/06/2023,28.7
Cartagena,16/06/2023,30.8
Bogota,17/06/2023,14.4
Medellin,17/06/2023,24.3
Cali,17/06/2023,25.5
Barranquilla,17/06/2023,32.1
Cartagena,17/06/2023,29.2
Bogota,18/06/2023,15.3
Medellin,18/06/2023,24.4
Cali,18/06/2023,25.4
Barranquilla,18/06/2023,28.3
Cartagena,18/06/2023,32.8
Bogota,19/06/2023,13.2
Medellin,19/06/2023,22.1
Cali,19/06/2023,26.6
Barranquilla,19/06/2023,31.3
Cartagena,19/06/2023,30.7
Bogota,20/06/2023,16.4
Medellin,20/06/2023,22.0
Cali,20/06/2023,24.1
Barranquilla,20/06/2023,28.7
Cartagena,20/06/2023,32.4
Bogota,21/06/2023,13.4
Medellin,21/06/2023,20.1
Cali,21/06/2023,26.8
Barranquilla,21/06/2023,32.8
Cartagena,21/06/2023,31.8
Bogota,22/06/2023,12.5
Medellin,22/06/2023,23.8
Cali,22/06/2023,27.4
Barranquilla,22/06/2023,33.6
Cartagena,22/06/2023,32.4
Bogota,23/06/2023,16.8
Medellin,23/06/2023,25.2
Cali,23/06/2023,24.0
Barranquilla,23/06/2023,31.5
Cartagena,23/06/2023,29.9
Bogota,24/06/2023,12.7
Medellin,24/06/2023,23.2
Cali,24/06/2023,24.5
Barranquilla,24/06/2023,30.4
Cartagena,24/06/2023,28.6
Bogota,25/06/2023,14.1
Medellin,25/06/2023,22.1
Cali,25/06/2023,28.3
Barranquilla,25/06/2023,30.9
Cartagena,25/06/2023,32.8
Bogota,26/06/2023,15.8
Medellin,26/06/2023,25.7
Cali,26/06/2023,24.5
Barranquilla,26/06/2023,31.4
Cartagena,26/06/2023,30.4
Bogota,27/06/2023,14.8
Medellin,27/06/2023,25.5
Cali,27/06/2023,25.3
Barranquilla,27/06/2023,30.0
Cartagena,27/06/2023,28.2
Bogota,28/06/2023,12.9
Medellin,28/06/2023,23.8
Cali,28/06/2023,29.2
Barranquilla,28/06/2023,30.0
Cartagena,28/06/2023,27.1
Bogota,29/06/2023,16.2
Medellin,29/06/2023,21.0
Cali,29/06/2023,27.1
Barranquilla,29/06/2023,31.9
Cartagena,29/06/2023,27.3
Bogota,30/06/2023,15.0
Medellin,30/06/2023,22.2
Cali,30/06/2023,28.7
Barranquilla,30/06/2023,31.7
Cartagena,30/06/2023,27.6
Bogota,01/07/2023,13.2
Medellin,01/07/2023,24.4
Cali,01/07/2023,28.5
Barranquilla,01/07/2023,33.8
Cartagena,01/07/2023,32.0
Bogota,02/07/2023,14.5
Medellin,02/07/2023,24.5
Cali,02/07/2023,26.7
Barranquilla,02/07/2023,31.9
Cartagena,02/07/2023,28.1
Bogota,03/07/2023,13.1
Medellin,03/07/2023,24.6
Cali,03/07/2023,26.8
Barranquilla,03/07/2023,29.2
Cartagena,03/07/2023,29.0
Bogota,04/07/2023,16.2
Medellin,04/07/2023,20.0
Cali,04/07/2023,28.5
Barranquilla,04/07/2023,30.6
Cartagena,04/07/2023,32.5
Bogota,05/07/2023,14.6
Medellin,05/07/2023,24.3
Cali,05/07/2023,29.1
Barranquilla,05/07/2023,28.1
Cartagena,05/07/2023,28.9
Bogota,06/07/2023,13.7
Medellin,06/07/2023,23.9
Cali,06/07/2023,27.3
Barranquilla,06/07/2023,32.7
Cartagena,06/07/2023,27.9
Bogota,07/07/2023,15.6
Medellin,07/07/2023,23.6
Cali,07/07/2023,24.0
Barranquilla,07/07/2023,32.0
Cartagena,07/07/2023,32.1
Bogota,08/07/2023,15.1
Medellin,08/07/2023,23.0
Cali,08/07/2023,29.5
Barranquilla,08/07/2023,29.0
Cartagena,08/07/2023,32.3
Bogota,09/07/2023,16.6
Medellin,09/07/2023,20.8
Cali,09/07/2023,28.6
Barranquilla,09/07/2023,31.6
Cartagena,09/07/2023,31.4
Bogota,10/07/2023,16.2
Medellin,10/07/2023,20.4
Cali,10/07/2023,29.1
Barranquilla,10/07/2023,33.1
Cartagena,10/07/2023,32.5
Bogota,11/07/2023,13.6
Medellin,11/07/2023,24.6
Cali,11/07/2023,26.0
Barranquilla,11/07/2023,29.3
Cartagena,11/07/2023,32.5
Bogota,12/07/2023,13.7
Medellin,12/07/2023,25.4
Cali,12/07/2023,28.6
Barranquilla,12/07/2023,31.0
Cartagena,12/07/2023,32.9
Bogota,13/07/2023,15.9
Medellin,13/07/2023,24.2
Cali,13/07/2023,29.4
Barranquilla,13/07/2023,28.9
Cartagena,13/07/2023,30.3
Bogota,14/07/2023,12.9
Medellin,14/07/2023,24.1
Cali,14/07/2023,27.2
Barranquilla,14/07/2023,32.0
Cartagena,14/07/2023,28.3
Bogota,15/07/2023,13.9
Medellin,15/07/2023,22.1
Cali,15/07/2023,26.9
Barranquilla,15/07/2023,33.3
Cartagena,15/07/2023,31.6
Bogota,16/07/2023,12.2
Medellin,16/07/2023,24.6
Cali,16/07/2023,28.5
Barranquilla,16/07/2023,31.5
Cartagena,16/07/2023,27.8
Bogota,17/07/2023,15.0
Medellin,17/07/2023,22.7
Cali,17/07/2023,29.6
Barranquilla,17/07/2023,32.9
Cartagena,17/07/2023,27.8
Bogota,18/07/2023,15.1
Medellin,18/07/2023,20.4
Cali,18/07/2023,27.0
Barranquilla,18/07/2023,29.7
Cartagena,18/07/2023,27.6
Bogota,19/07/2023,16.6
Medellin,19/07/2023,23.7
Cali,19/07/2023,25.1
Barranquilla,19/07/2023,30.1
Cartagena,19/07/2023,32.6
Bogota,20/07/2023,13.8
Medellin,20/07/2023,22.9
Cali,20/07/2023,27.1
Barranquilla,20/07/2023,28.2
Cartagena,20/07/2023,32.1
Bogota,21/07/2023,12.1
Medellin,21/07/2023,23.8
Cali,21/07/2023,29.3
Barranquilla,21/07/2023,29.0
Cartagena,21/07/2023,32.2
Bogota,22/07/2023,12.5
Medellin,22/07/2023,25.5
Cali,22/07/2023,29.0
Barranquilla,22/07/2023,28.8
Cartagena,22/07/2023,32.1
Bogota,23/07/2023,14.5
Medellin,23/07/2023,23.6
Cali,23/07/2023,24.1
Barranquilla,23/07/2023,31.5
Cartagena,23/07/2023,31.0
Bogota,24/07/2023,14.5
Medellin,24/07/2023,23.6
Cali,24/07/2023,29.6
Barranquilla,24/07/2023,28.9
Cartagena,24/07/2023,27.9
Bogota,25/07/2023,12.8
Medellin,25/07/2023,24.7
Cali,25/07/2023,26.7
Barranquilla,25/07/2023,29.6
Cartagena,25/07/2023,32.1
Bogota,26/07/2023,12.9
Medellin,26/07/2023,25.7
Cali,26/07/2023,26.0
Barranquilla,26/07/2023,29.3
Cartagena,26/07/2023,28.4
Bogota,27/07/2023,14.2
Medellin,27/07/2023,25.1
Cali,27/07/2023,28.3
Barranquilla,27/07/2023,30.7
Cartagena,27/07/2023,32.6
Bogota,28/07/2023,14.1
Medellin,28/07/2023,22.5
Cali,28/07/2023,28.9
Barranquilla,28/07/2023,28.3
Cartagena,28/07/2023,28.0
Bogota,29/07/2023,14.6
Medellin,29/07/2023,22.0
Cali,29/07/2023,24.9
Barranquilla,29/07/2023,33.3
Cartagena,29/07/2023,29.1
Bogota,30/07/2023,13.6
Medellin,30/07/2023,24.4
Cali,30/07/2023,28.7
Barranquilla,30/07/2023,30.0
Cartagena,30/07/2023,28.8
Bogota,31/07/2023,14.3
Medellin,31/07/2023,24.2
Cali,31/07/2023,24.4
Barranquilla,31/07/2023,30.7
Cartagena,31/07/2023,32.7
Bogota,01/08/2023,14.5
Medellin,01/08/2023,21.6
Cali,01/08/2023,29.2
Barranquilla,01/08/2023,30.2
Cartagena,01/08/2023,30.8
Bogota,02/08/2023,13.9
Medellin,02/08/2023,22.3
Cali,02/08/2023,26.2
Barranquilla,02/08/2023,31.6
Cartagena,02/08/2023,30.1
Bogota,03/08/2023,17.0
Medellin,03/08/2023,24.1
Cali,03/08/2023,27.8
Barranquilla,03/08/2023,32.9
Cartagena,03/08/2023,30.0
Bogota,04/08/2023,15.3
Medellin,04/08/2023,23.2
Cali,04/08/2023,28.2
Barranquilla,04/08/2023,31.0
Cartagena,04/08/2023,28.1
Bogota,05/08/2023,15.5
Medellin,05/08/2023,22.5
Cali,05/08/2023,25.6
Barranquilla,05/08/2023,28.8
Cartagena,05/08/2023,32.7
Bogota,06/08/2023,13.9
Medellin,06/08/2023,25.8
Cali,06/08/2023,29.6
Barranquilla,06/08/2023,30.2
Cartagena,06/08/2023,30.1
Bogota,07/08/2023,14.0
Medellin,07/08/2023,22.1
Cali,07/08/2023,29.3
Barranquilla,07/08/2023,31.4
Cartagena,07/08/2023,27.3
Bogota,08/08/2023,16.4
Medellin,08/08/2023,23.6
Cali,08/08/2023,28.7
Barranquilla,08/08/2023,32.4
Cartagena,08/08/2023,32.5
Bogota,09/08/2023,15.6
Medellin,09/08/2023,20.6
Cali,09/08/2023,26.2
Barranquilla,09/08/2023,30.9
Cartagena,09/08/2023,30.7
Bogota,10/08/2023,15.1
Medellin,10/08/2023,21.0
Cali,10/08/2023,25.1
Barranquilla,10/08/2023,29.3
Cartagena,10/08/2023,31.9
Bogota,11/08/2023,15.9
Medellin,11/08/2023,21.0
Cali,11/08/2023,24.2
Barranquilla,11/08/2023,33.6
Cartagena,11/08/2023,30.4
Bogota,12/08/2023,13.8
Medellin,12/08/2023,24.5
Cali,12/08/2023,28.8
Barranquilla,12/08/2023,32.1
Cartagena,12/08/2023,31.3
Bogota,13/08/2023,16.9
Medellin,13/08/2023,24.5
Cali,13/08/2023,28.7
Barranquilla,13/08/2023,31.1
Cartagena,13/08/2023,31.7
Bogota,14/08/2023,12.5
Medellin,14/08/2023,25.5
Cali,14/08/2023,26.6
Barranquilla,14/08/2023,33.4
Cartagena,14/08/2023,32.3
Bogota,15/08/2023,16.7
Medellin,15/08/2023,20.3
Cali,15/08/2023,24.9
Barranquilla,15/08/2023,33.7
Cartagena,15/08/2023,28.6
Bogota,16/08/2023,14.1
Medellin,16/08/2023,24.2
Cali,16/08/2023,26.9
Barranquilla,16/08/2023,30.5
Cartagena,16/08/2023,32.3
Bogota,17/08/2023,17.0
Medellin,17/08/2023,22.7
Cali,17/08/2023,25.4
Barranquilla,17/08/2023,33.4
Cartagena,17/08/2023,29.5
Bogota,18/08/2023,13.5
Medellin,18/08/2023,22.4
Cali,18/08/2023,29.1
Barranquilla,18/08/2023,28.5
Cartagena,18/08/2023,28.5
Bogota,19/08/2023,15.4
Medellin,19/08/2023,23.1
Cali,19/08/2023,25.1
Barranquilla,19/08/2023,33.0
Cartagena,19/08/2023,28.4
Bogota,20/08/2023,15.6
Medellin,20/08/2023,20.7
Cali,20/08/2023,28.6
Barranquilla,20/08/2023,33.3
Cartagena,20/08/2023,29.5
Bogota,21/08/2023,14.7
Medellin,21/08/2023,21.9
Cali,21/08/2023,29.4
Barranquilla,21/08/2023,29.9
Cartagena,21/08/2023,32.5
Bogota,22/08/2023,15.7
Medellin,22/08/2023,25.8
Cali,22/08/2023,29.3
Barranquilla,22/08/2023,29.3
Cartagena,22/08/2023,30.2
Bogota,23/08/2023,16.9
Medellin,23/08/2023,25.9
Cali,23/08/2023,27.4
Barranquilla,23/08/2023,29.0
Cartagena,23/08/2023,30.7
Bogota,24/08/2023,14.0
Medellin,24/08/2023,20.7
Cali,24/08/2023,26.0
Barranquilla,24/08/2023,31.3
Cartagena,24/08/2023,27.1
Bogota,25/08/2023,12.5
Medellin,25/08/2023,23.7
Cali,25/08/2023,29.7
Barranquilla,25/08/2023,31.1
Cartagena,25/08/2023,30.3
Bogota,26/08/2023,12.8
Medellin,26/08/2023,23.1
Cali,26/08/2023,26.7
Barranquilla,26/08/2023,31.7
Cartagena,26/08/2023,31.5
Bogota,27/08/2023,13.9
Medellin,27/08/2023,23.2
Cali,27/08/2023,29.8
Barranquilla,27/08/2023,31.0
Cartagena,27/08/2023,31.7
Bogota,28/08/2023,16.3
Medellin,28/08/2023,24.5
Cali,28/08/2023,26.0
Barranquilla,28/08/2023,33.5
Cartagena,28/08/2023,30.3
Bogota,29/08/2023,16.4
Medellin,29/08/2023,22.1
Cali,29/08/2023,24.3
Barranquilla,29/08/2023,29.5
Cartagena,29/08/2023,28.7
Bogota,30/08/2023,15.7
Medellin,30/08/2023,21.8
Cali,30/08/2023,27.1
Barranquilla,30/08/2023,30.6
Cartagena,30/08/2023,28.2
Bogota,31/08/2023,14.9
Medellin,31/08/2023,24.1
Cali,31/08/2023,29.9
Barranquilla,31/08/2023,28.3
Cartagena,31/08/2023,30.9
Bogota,01/09/2023,15.6
Medellin,01/09/2023,24.6
Cali,01/09/2023,24.0
Barranquilla,01/09/2023,29.8
Cartagena,01/09/2023,27.3
Bogota,02/09/2023,13.4
Medellin,02/09/2023,24.8
Cali,02/09/2023,29.1
Barranquilla,02/09/2023,30.6
Cartagena,02/09/2023,29.1
Bogota,03/09/2023,13.6
Medellin,03/09/2023,21.3
Cali,03/09/2023,29.9
Barranquilla,03/09/2023,31.7
Cartagena,03/09/2023,28.8
Bogota,04/09/2023,13.8
Medellin,04/09/2023,21.8
Cali,04/09/2023,25.9
Barranquilla,04/09/2023,29.7
Cartagena,04/09/2023,29.8
Bogota,05/09/2023,14.1
Medellin,05/09/2023,20.0
Cali,05/09/2023,28.6
Barranquilla,05/09/2023,33.1
Cartagena,05/09/2023,29.6
Bogota,06/09/2023,12.8
Medellin,06/09/2023,20.6
Cali,06/09/2023,29.0
Barranquilla,06/09/2023,28.3
Cartagena,06/09/2023,29.5
Bogota,07/09/2023,13.5
Medellin,07/09/2023,21.9
Cali,07/09/2023,24.8
Barranquilla,07/09/2023,29.1
Cartagena,07/09/2023,28.4
Bogota,08/09/2023,13.3
Medellin,08/09/2023,23.2
Cali,08/09/2023,29.6
Barranquilla,08/09/2023,33.4
Cartagena,08/09/2023,28.7
Bogota,09/09/2023,15.6
Medellin,09/09/2023,22.1
Cali,09/09/2023,27.5
Barranquilla,09/09/2023,32.4
Cartagena,09/09/2023,27.9
Bogota,10/09/2023,14.9
Medellin,10/09/2023,21.0
Cali,10/09/2023,29.2
Barranquilla,10/09/2023,33.3
Cartagena,10/09/2023,31.5
Bogota,11/09/2023,15.2
Medellin,11/09/2023,22.6
Cali,11/09/2023,29.5
Barranquilla,11/09/2023,33.7
Cartagena,11/09/2023,29.1
Bogota,12/09/2023,15.5
Medellin,12/09/2023,25.4
Cali,12/09/2023,26.9
Barranquilla,12/09/2023,31.8
Cartagena,12/09/2023,27.1
Bogota,13/09/2023,14.8
Medellin,13/09/2023,25.2
Cali,13/09/2023,25.5
Barranquilla,13/09/2023,28.2
Cartagena,13/09/2023,29.1
Bogota,14/09/2023,15.8
Medellin,14/09/2023,24.1
Cali,14/09/2023,24.4
Barranquilla,14/09/2023,28.5
Cartagena,14/09/2023,27.0
Bogota,15/09/2023,14.0
Medellin,15/09/2023,22.8
Cali,15/09/2023,25.6
Barranquilla,15/09/2023,32.9
Cartagena,15/09/2023,28.1
Bogota,16/09/2023,16.7
Medellin,16/09/2023,20.8
Cali,16/09/2023,28.0
Barranquilla,16/09/2023,30.7
Cartagena,16/09/2023,30.5
Bogota,17/09/2023,15.9
Medellin,17/09/2023,24.9
Cali,17/09/2023,26.1
Barranquilla,17/09/2023,31.2
Cartagena,17/09/2023,31.8
Bogota,18/09/2023,16.9
Medellin,18/09/2023,21.6
Cali,18/09/2023,29.6
Barranquilla,18/09/2023,28.4
Cartagena,18/09/2023,30.3
Bogota,19/09/2023,14.9
Medellin,19/09/2023,24.1
Cali,19/09/2023,24.4
Barranquilla,19/09/2023,33.5
Cartagena,19/09/2023,27.8
Bogota,20/09/2023,12.5
Medellin,20/09/2023,20.4
Cali,20/09/2023,28.4
Barranquilla,20/09/2023,30.2
Cartagena,20/09/2023,30.7
Bogota,21/09/2023,15.1
Medellin,21/09/2023,20.3
Cali,21/09/2023,27.9
Barranquilla,21/09/2023,29.4
Cartagena,21/09/2023,30.3
Bogota,22/09/2023,16.5
Medellin,22/09/2023,23.7
Cali,22/09/2023,26.6
Barranquilla,22/09/2023,30.5
Cartagena,22/09/2023,27.9
Bogota,23/09/2023,12.4
Medellin,23/09/2023,21.7
Cali,23/09/2023,24.6
Barranquilla,23/09/2023,33.1
Cartagena,23/09/2023,30.2
Bogota,24/09/2023,13.6
Medellin,24/09/2023,22.0
Cali,24/09/2023,27.0
Barranquilla,24/09/2023,32.3
Cartagena,24/09/2023,31.9
Bogota,25/09/2023,16.8
Medellin,25/09/2023,22.8
Cali,25/09/2023,25.2
Barranquilla,25/09/2023,29.6
Cartagena,25/09/2023,30.5
Bogota,26/09/2023,16.5
Medellin,26/09/2023,22.6
Cali,26/09/2023,25.6
Barranquilla,26/09/2023,28.0
Cartagena,26/09/2023,29.1
Bogota,27/09/2023,13.6
Medellin,27/09/2023,22.4
Cali,27/09/2023,28.1
Barranquilla,27/09/2023,32.3
Cartagena,27/09/2023,28.8
Bogota,28/09/2023,13.6
Medellin,28/09/2023,22.7
Cali,28/09/2023,28.6
Barranquilla,28/09/2023,28.8
Cartagena,28/09/2023,30.2
Bogota,29/09/2023,13.0
Medellin,29/09/2023,22.2
Cali,29/09/2023,29.8
Barranquilla,29/09/2023,33.6
Cartagena,29/09/2023,31.6
Bogota,30/09/2023,16.8
Medellin,30/09/2023,25.9
Cali,30/09/2023,24.9
Barranquilla,30/09/2023,33.6
Cartagena,30/09/2023,28.2
Bogota,01/10/2023,13.1
Medellin,01/10/2023,22.7
Cali,01/10/2023,27.3
Barranquilla,01/10/2023,33.9
Cartagena,01/10/2023,28.2
Bogota,02/10/2023,14.3
Medellin,02/10/2023,24.6
Cali,02/10/2023,24.2
Barranquilla,02/10/2023,29.9
Cartagena,02/10/2023,28.9
Bogota,03/10/2023,15.8
Medellin,03/10/2023,21.2
Cali,03/10/2023,28.0
Barranquilla,03/10/2023,30.9
Cartagena,03/10/2023,32.5
Bogota,04/10/2023,16.9
Medellin,04/10/2023,24.0
Cali,04/10/2023,24.6
Barranquilla,04/10/2023,32.7
Cartagena,04/10/2023,32.1
Bogota,05/10/2023,15.0
Medellin,05/10/2023,23.3
Cali,05/10/2023,29.5
Barranquilla,05/10/2023,29.8
Cartagena,05/10/2023,28.3
Bogota,06/10/2023,13.1
Medellin,06/10/2023,23.8
Cali,06/10/2023,28.6
Barranquilla,06/10/2023,29.6
Cartagena,06/10/2023,32.6
Bogota,07/10/2023,12.9
Medellin,07/10/2023,24.5
Cali,07/10/2023,28.7
Barranquilla,07/10/2023,31.4
Cartagena,07/10/2023,30.7
Bogota,08/10/2023,15.8
Medellin,08/10/2023,23.6
Cali,08/10/2023,24.7
Barranquilla,08/10/2023,32.6
Cartagena,08/10/2023,28.6
Bogota,09/10/2023,12.4
Medellin,09/10/2023,25.5
Cali,09/10/2023,27.5
Barranquilla,09/10/2023,34.0
Cartagena,09/10/2023,31.5
Bogota,10/10/2023,14.1
Medellin,10/10/2023,20.1
Cali,10/10/2023,27.8
Barranquilla,10/10/2023,32.0
Cartagena,10/10/2023,32.1
Bogota,11/10/2023,12.8
Medellin,11/10/2023,24.2
Cali,11/10/2023,25.8
Barranquilla,11/10/2023,28.9
Cartagena,11/10/2023,30.0
Bogota,12/10/2023,13.3
Medellin,12/10/2023,22.0
Cali,12/10/2023,28.8
Barranquilla,12/10/2023,33.4
Cartagena,12/10/2023,27.5
Bogota,13/10/2023,12.5
Medellin,13/10/2023,20.7
Cali,13/10/2023,24.6
Barranquilla,13/10/2023,31.5
Cartagena,13/10/2023,31.2
Bogota,14/10/2023,15.3
Medellin,14/10/2023,20.9
Cali,14/10/2023,27.2
Barranquilla,14/10/2023,32.9
Cartagena,14/10/2023,28.5
Bogota,15/10/2023,13.1
Medellin,15/10/2023,22.9
Cali,15/10/2023,28.8
Barranquilla,15/10/2023,33.5
Cartagena,15/10/2023,31.4
Bogota,16/10/2023,14.9
Medellin,16/10/2023,22.4
Cali,16/10/2023,27.5
Barranquilla,16/10/2023,29.3
Cartagena,16/10/2023,32.6
Bogota,17/10/2023,12.2
Medellin,17/10/2023,22.9
Cali,17/10/2023,27.7
Barranquilla,17/10/2023,28.4
Cartagena,17/10/2023,30.5
Bogota,18/10/2023,16.5
Medellin,18/10/2023,22.2
Cali,18/10/2023,29.5
Barranquilla,18/10/2023,29.8
Cartagena,18/10/2023,30.9
Bogota,19/10/2023,14.8
Medellin,19/10/2023,20.4
Cali,19/10/2023,25.1
Barranquilla,19/10/2023,32.4
Cartagena,19/10/2023,32.7
Bogota,20/10/2023,13.4
Medellin,20/10/2023,23.5
Cali,20/10/2023,25.7
Barranquilla,20/10/2023,30.4
Cartagena,20/10/2023,27.7
Bogota,21/10/2023,16.3
Medellin,21/10/2023,22.2
Cali,21/10/2023,24.5
Barranquilla,21/10/2023,31.3
Cartagena,21/10/2023,32.9
Bogota,22/10/2023,14.0
Medellin,22/10/2023,22.2
Cali,22/10/2023,25.0
Barranquilla,22/10/2023,29.6
Cartagena,22/10/2023,27.1
Bogota,23/10/2023,12.9
Medellin,23/10/2023,25.5
Cali,23/10/2023,27.6
Barranquilla,23/10/2023,30.4
Cartagena,23/10/2023,32.4
Bogota,24/10/2023,13.4
Medellin,24/10/2023,23.4
Cali,24/10/2023,28.7
Barranquilla,24/10/2023,31.9
Cartagena,24/10/2023,30.7
Bogota,25/10/2023,13.7
Medellin,25/10/2023,23.2
Cali,25/10/2023,25.9
Barranquilla,25/10/2023,29.0
Cartagena,25/10/2023,28.6
Bogota,26/10/2023,14.1
Medellin,26/10/2023,25.1
Cali,26/10/2023,28.1
Barranquilla,26/10/2023,33.4
Cartagena,26/10/2023,31.5
Bogota,27/10/2023,12.7
Medellin,27/10/2023,23.8
Cali,27/10/2023,25.6
Barranquilla,27/10/2023,32.9
Cartagena,27/10/2023,29.1
Bogota,28/10/2023,14.0
Medellin,28/10/2023,25.6
Cali,28/10/2023,25.5
Barranquilla,28/10/2023,31.8
Cartagena,28/10/2023,32.8
Bogota,29/10/2023,14.9
Medellin,29/10/2023,24.3
Cali,29/10/2023,28.4
Barranquilla,29/10/2023,33.3
Cartagena,29/10/2023,28.7
Bogota,30/10/2023,14.4
Medellin,30/10/2023,20.1
Cali,30/10/2023,25.2
Barranquilla,30/10/2023,33.8
Cartagena,30/10/2023,29.9
Bogota,31/10/2023,15.2
Medellin,31/10/2023,24.6
Cali,31/10/2023,27.7
Barranquilla,31/10/2023,30.8
Cartagena,31/10/2023,32.1
Bogota,01/11/2023,15.2
Medellin,01/11/2023,23.9
Cali,01/11/2023,28.0
Barranquilla,01/11/2023,33.1
Cartagena,01/11/2023,32.8
Bogota,02/11/2023,16.9
Medellin,02/11/2023,21.6
Cali,02/11/2023,28.6
Barranquilla,02/11/2023,30.5
Cartagena,02/11/2023,32.0
Bogota,03/11/2023,16.0
Medellin,03/11/2023,21.4
Cali,03/11/2023,25.4
Barranquilla,03/11/2023,30.4
Cartagena,03/11/2023,28.7
Bogota,04/11/2023,12.6
Medellin,04/11/2023,24.9
Cali,04/11/2023,27.9
Barranquilla,04/11/2023,28.1
Cartagena,04/11/2023,28.8
Bogota,05/11/2023,14.0
Medellin,05/11/2023,23.1
Cali,05/11/2023,29.9
Barranquilla,05/11/2023,34.0
Cartagena,05/11/2023,27.0
Bogota,06/11/2023,15.7
Medellin,06/11/2023,21.0
Cali,06/11/2023,27.9
Barranquilla,06/11/2023,33.7
Cartagena,06/11/2023,32.1
Bogota,07/11/2023,16.0
Medellin,07/11/2023,25.7
Cali,07/11/2023,24.1
Barranquilla,07/11/2023,28.7
Cartagena,07/11/2023,32.7
Bogota,08/11/2023,15.3
Medellin,08/11/2023,22.7
Cali,08/11/2023,29.7
Barranquilla,08/11/2023,29.3
Cartagena,08/11/2023,29.9
Bogota,09/11/2023,15.9
Medellin,09/11/2023,24.8
Cali,09/11/2023,28.0
Barranquilla,09/11/2023,31.2
Cartagena,09/11/2023,31.5
Bogota,10/11/2023,12.0
Medellin,10/11/2023,23.0
Cali,10/11/2023,24.0
Barranquilla,10/11/2023,28.4
Cartagena,10/11/2023,28.4
Bogota,11/11/2023,13.9
Medellin,11/11/2023,24.1
Cali,11/11/2023,29.1
Barranquilla,11/11/2023,30.1
Cartagena,11/11/2023,29.6
Bogota,12/11/2023,14.4
Medellin,12/11/2023,23.5
Cali,12/11/2023,27.1
Barranquilla,12/11/2023,31.2
Cartagena,12/11/2023,29.9
Bogota,13/11/2023,14.1
Medellin,13/11/2023,23.2
Cali,13/11/2023,24.3
Barranquilla,13/11/2023,30.3
Cartagena,13/11/2023,27.9
Bogota,14/11/2023,14.9
Medellin,14/11/2023,20.9
Cali,14/11/2023,25.6
Barranquilla,14/11/2023,28.1
Cartagena,14/11/2023,29.8
Bogota,15/11/2023,16.9
Medellin,15/11/2023,22.5
Cali,15/11/2023,24.5
Barranquilla,15/11/2023,32.7
Cartagena,15/11/2023,30.0
Bogota,16/11/2023,14.6
Medellin,16/11/2023,24.9
Cali,16/11/2023,24.1
Barranquilla,16/11/2023,33.7
Cartagena,16/11/2023,27.8
Bogota,17/11/2023,12.2
Medellin,17/11/2023,22.4
Cali,17/11/2023,24.0
Barranquilla,17/11/2023,30.9
Cartagena,17/11/2023,28.1
Bogota,18/11/2023,13.5
Medellin,18/11/2023,22.7
Cali,18/11/2023,29.7
Barranquilla,18/11/2023,28.6
Cartagena,18/11/2023,30.5
Bogota,19/11/2023,15.9
Medellin,19/11/2023,25.4
Cali,19/11/2023,24.6
Barranquilla,19/11/2023,30.5
Cartagena,19/11/2023,32.4
Bogota,20/11/2023,12.9
Medellin,20/11/2023,22.6
Cali,20/11/2023,29.9
Barranquilla,20/11/2023,32.7
Cartagena,20/11/2023,32.6
Bogota,21/11/2023,14.1
Medellin,21/11/2023,25.9
Cali,21/11/2023,27.8
Barranquilla,21/11/2023,32.1
Cartagena,21/11/2023,32.1
Bogota,22/11/2023,12.5
Medellin,22/11/2023,23.7
Cali,22/11/2023,27.7
Barranquilla,22/11/2023,31.7
Cartagena,22/11/2023,29.3
Bogota,23/11/2023,12.1
Medellin,23/11/2023,25.9
Cali,23/11/2023,24.4
Barranquilla,23/11/2023,31.9
Cartagena,23/11/2023,30.9
Bogota,24/11/2023,15.4
Medellin,24/11/2023,23.2
Cali,24/11/2023,25.3
Barranquilla,24/11/2023,28.7
Cartagena,24/11/2023,31.0
Bogota,25/11/2023,14.5
Medellin,25/11/2023,23.2
Cali,25/11/2023,26.4
Barranquilla,25/11/2023,29.3
Cartagena,25/11/2023,31.9
Bogota,26/11/2023,15.8
Medellin,26/11/2023,22.9
Cali,26/11/2023,24.8
Barranquilla,26/11/2023,28.3
Cartagena,26/11/2023,30.4
Bogota,27/11/2023,13.1
Medellin,27/11/2023,25.9
Cali,27/11/2023,29.6
Barranquilla,27/11/2023,28.2
Cartagena,27/11/2023,27.3
Bogota,28/11/2023,15.8
Medellin,28/11/2023,22.9
Cali,28/11/2023,25.4
Barranquilla,28/11/2023,29.8
Cartagena,28/11/2023,30.6
Bogota,29/11/2023,15.4
Medellin,29/11/2023,20.9
Cali,29/11/2023,27.3
Barranquilla,29/11/2023,31.8
Cartagena,29/11/2023,28.5
Bogota,30/11/2023,15.4
Medellin,30/11/2023,25.8
Cali,30/11/2023,28.3
Barranquilla,30/11/2023,31.0
Cartagena,30/11/2023,27.5
Bogota,01/12/2023,13.5
Medellin,01/12/2023,22.1
Cali,01/12/2023,29.6
Barranquilla,01/12/2023,31.8
Cartagena,01/12/2023,31.4
Bogota,02/12/2023,12.7
Medellin,02/12/2023,22.7
Cali,02/12/2023,26.6
Barranquilla,02/12/2023,33.6
Cartagena,02/12/2023,29.4
Bogota,03/12/2023,12.9
Medellin,03/12/2023,25.4
Cali,03/12/2023,26.5
Barranquilla,03/12/2023,30.8
Cartagena,03/12/2023,27.1
Bogota,04/12/2023,16.6
Medellin,04/12/2023,21.8
Cali,04/12/2023,29.1
Barranquilla,04/12/2023,28.6
Cartagena,04/12/2023,28.1
Bogota,05/12/2023,16.1
Medellin,05/12/2023,20.4
Cali,05/12/2023,27.1
Barranquilla,05/12/2023,32.5
Cartagena,05/12/2023,32.9
Bogota,06/12/2023,12.0
Medellin,06/12/2023,21.3
Cali,06/12/2023,26.8
Barranquilla,06/12/2023,30.3
Cartagena,06/12/2023,30.4
Bogota,07/12/2023,16.8
Medellin,07/12/2023,23.9
Cali,07/12/2023,27.0
Barranquilla,07/12/2023,33.3
Cartagena,07/12/2023,27.2
Bogota,08/12/2023,12.3
Medellin,08/12/2023,22.2
Cali,08/12/2023,24.1
Barranquilla,08/12/2023,32.3
Cartagena,08/12/2023,28.0
Bogota,09/12/2023,12.8
Medellin,09/12/2023,25.8
Cali,09/12/2023,25.8
Barranquilla,09/12/2023,33.1
Cartagena,09/12/2023,31.6
Bogota,10/12/2023,15.2
Medellin,10/12/2023,23.7
Cali,10/12/2023,26.7
Barranquilla,10/12/2023,33.5
Cartagena,10/12/2023,31.5
Bogota,11/12/2023,16.4
Medellin,11/12/2023,23.1
Cali,11/12/2023,26.1
Barranquilla,11/12/2023,31.4
Cartagena,11/12/2023,32.9
Bogota,12/12/2023,12.5
Medellin,12/12/2023,23.4
Cali,12/12/2023,27.0
Barranquilla,12/12/2023,28.7
Cartagena,12/12/2023,28.6
Bogota,13/12/2023,12.6
Medellin,13/12/2023,25.2
Cali,13/12/2023,29.8
Barranquilla,13/12/2023,31.6
Cartagena,13/12/2023,32.5
Bogota,14/12/2023,14.0
Medellin,14/12/2023,22.4
Cali,14/12/2023,25.8
Barranquilla,14/12/2023,33.9
Cartagena,14/12/2023,28.5
Bogota,15/12/2023,12.6
Medellin,15/12/2023,21.5
Cali,15/12/2023,28.1
Barranquilla,15/12/2023,33.3
Cartagena,15/12/2023,28.1
Bogota,16/12/2023,13.9
Medellin,16/12/2023,25.0
Cali,16/12/2023,25.0
Barranquilla,16/12/2023,32.3
Cartagena,16/12/2023,30.2
Bogota,17/12/2023,16.3
Medellin,17/12/2023,21.8
Cali,17/12/2023,24.7
Barranquilla,17/12/2023,30.4
Cartagena,17/12/2023,30.7
Bogota,18/12/2023,14.0
Medellin,18/12/2023,21.7
Cali,18/12/2023,28.9
Barranquilla,18/12/2023,32.7
Cartagena,18/12/2023,27.4
Bogota,19/12/2023,13.9
Medellin,19/12/2023,21.2
Cali,19/12/2023,25.4
Barranquilla,19/12/2023,33.9
Cartagena,19/12/2023,27.4
Bogota,20/12/2023,15.3
Medellin,20/12/2023,21.0
Cali,20/12/2023,27.8
Barranquilla,20/12/2023,33.0
Cartagena,20/12/2023,30.2
Bogota,21/12/2023,12.4
Medellin,21/12/2023,23.1
Cali,21/12/2023,26.8
Barranquilla,21/12/2023,28.5
Cartagena,21/12/2023,29.7
Bogota,22/12/2023,12.7
Medellin,22/12/2023,23.0
Cali,22/12/2023,28.5
Barranquilla,22/12/2023,28.4
Cartagena,22/12/2023,28.5
Bogota,23/12/2023,16.1
Medellin,23/12/2023,24.5
Cali,23/12/2023,29.2
Barranquilla,23/12/2023,33.7
Cartagena,23/12/2023,32.4
Bogota,24/12/2023,12.2
Medellin,24/12/2023,24.8
Cali,24/12/2023,27.6
Barranquilla,24/12/2023,29.8
Cartagena,24/12/2023,28.8
Bogota,25/12/2023,15.7
Medellin,25/12/2023,20.1
Cali,25/12/2023,27.7
Barranquilla,25/12/2023,30.9
Cartagena,25/12/2023,29.5
Bogota,26/12/2023,16.9
Medellin,26/12/2023,23.5
Cali,26/12/2023,25.5
Barranquilla,26/12/2023,28.7
Cartagena,26/12/2023,27.6
Bogota,27/12/2023,12.7
Medellin,27/12/2023,21.9
Cali,27/12/2023,24.2
Barranquilla,27/12/2023,33.1
Cartagena,27/12/2023,30.8
Bogota,28/12/2023,15.2
Medellin,28/12/2023,20.9
Cali,28/12/2023,28.8
Barranquilla,28/12/2023,32.2
Cartagena,28/12/2023,32.7
Bogota,29/12/2023,15.7
Medellin,29/12/2023,21.6
Cali,29/12/2023,28.6
Barranquilla,29/12/2023,32.8
Cartagena,29/12/2023,28.9
Bogota,30/12/2023,17.0
Medellin,30/12/2023,22.7
Cali,30/12/2023,26.2
Barranquilla,30/12/2023,31.4
Cartagena,30/12/2023,32.3
Bogota,31/12/2023,16.9
Medellin,31/12/2023,23.5
Cali,31/12/2023,26.9
Barranquilla,31/12/2023,29.5
Cartagena,31/12/2023,29.8
Bogota,01/01/2024,12.4
Medellin,01/01/2024,23.1
Cali,01/01/2024,28.7
Barranquilla,01/01/2024,28.6
Cartagena,01/01/2024,28.8
Bogota,02/01/2024,14.0
Medellin,02/01/2024,21.6
Cali,02/01/2024,29.9
Barranquilla,02/01/2024,29.7
Cartagena,02/01/2024,27.5
Bogota,03/01/2024,12.8
Medellin,03/01/2024,25.8
Cali,03/01/2024,25.5
Barranquilla,03/01/2024,28.2
Cartagena,03/01/2024,33.0
Bogota,04/01/2024,14.0
Medellin,04/01/2024,23.8
Cali,04/01/2024,25.1
Barranquilla,04/01/2024,32.7
Cartagena,04/01/2024,27.6
Bogota,05/01/2024,14.9
Medellin,05/01/2024,25.5
Cali,05/01/2024,25.6
Barranquilla,05/01/2024,33.5
Cartagena,05/01/2024,29.8
Bogota,06/01/2024,13.6
Medellin,06/01/2024,20.0
Cali,06/01/2024,27.5
Barranquilla,06/01/2024,29.3
Cartagena,06/01/2024,28.8
Bogota,07/01/2024,14.3
Medellin,07/01/2024,25.0
Cali,07/01/2024,27.6
Barranquilla,07/01/2024,32.5
Cartagena,07/01/2024,30.4
Bogota,08/01/2024,13.7
Medellin,08/01/2024,25.5
Cali,08/01/2024,26.0
Barranquilla,08/01/2024,30.2
Cartagena,08/01/2024,28.9
Bogota,09/01/2024,13.3
Medellin,09/01/2024,20.8
Cali,09/01/2024,29.9
Barranquilla,09/01/2024,28.5
Cartagena,09/01/2024,32.7
Bogota,10/01/2024,14.9
Medellin,10/01/2024,20.2
Cali,10/01/2024,25.1
Barranquilla,10/01/2024,29.8
Cartagena,10/01/2024,30.2
Bogota,11/01/2024,13.8
Medellin,11/01/2024,20.9
Cali,11/01/2024,27.8
Barranquilla,11/01/2024,30.5
Cartagena,11/01/2024,30.3
Bogota,12/01/2024,15.2
Medellin,12/01/2024,25.2
Cali,12/01/2024,25.3
Barranquilla,12/01/2024,33.8
Cartagena,12/01/2024,29.3
Bogota,13/01/2024,13.7
Medellin,13/01/2024,22.0
Cali,13/01/2024,27.4
Barranquilla,13/01/2024,33.4
Cartagena,13/01/2024,32.1
Bogota,14/01/2024,14.9
Medellin,14/01/2024,22.7
Cali,14/01/2024,25.4
Barranquilla,14/01/2024,33.9
Cartagena,14/01/2024,29.7
Bogota,15/01/2024,14.8
Medellin,15/01/2024,21.0
Cali,15/01/2024,27.6
Barranquilla,15/01/2024,33.8
Cartagena,15/01/2024,31.4
Bogota,16/01/2024,12.6
Medellin,16/01/2024,24.4
Cali,16/01/2024,29.8
Barranquilla,16/01/2024,28.1
Cartagena,16/01/2024,31.2
Bogota,17/01/2024,12.9
Medellin,17/01/2024,22.8
Cali,17/01/2024,25.9
Barranquilla,17/01/2024,30.4
Cartagena,17/01/2024,29.1
Bogota,18/01/2024,14.4
Medellin,18/01/2024,24.7
Cali,18/01/2024,27.7
Barranquilla,18/01/2024,31.8
Cartagena,18/01/2024,27.7
Bogota,19/01/2024,13.2
Medellin,19/01/2024,21.2
Cali,19/01/2024,28.6
Barranquilla,19/01/2024,30.4
Cartagena,19/01/2024,31.5
Bogota,20/01/2024,14.3
Medellin,20/01/2024,25.2
Cali,20/01/2024,25.7
Barranquilla,20/01/2024,28.5
Cartagena,20/01/2024,28.4
Bogota,21/01/2024,15.3
Medellin,21/01/2024,24.4
Cali,21/01/2024,26.5
Barranquilla,21/01/2024,32.5
Cartagena,21/01/2024,27.7
Bogota,22/01/2024,15.5
Medellin,22/01/2024,23.6
Cali,22/01/2024,26.8
Barranquilla,22/01/2024,30.0
Cartagena,22/01/2024,29.9
Bogota,23/01/2024,16.1
Medellin,23/01/2024,23.5
Cali,23/01/2024,26.3
Barranquilla,23/01/2024,30.6
Cartagena,23/01/2024,29.7
Bogota,24/01/2024,16.6
Medellin,24/01/2024,24.4
Cali,24/01/2024,29.1
Barranquilla,24/01/2024,33.2
Cartagena,24/01/2024,31.3
Bogota,25/01/2024,12.6
Medellin,25/01/2024,22.1
Cali,25/01/2024,24.5
Barranquilla,25/01/2024,29.3
Cartagena,25/01/2024,30.0
Bogota,26/01/2024,12.1
Medellin,26/01/2024,22.4
Cali,26/01/2024,24.7
Barranquilla,26/01/2024,29.0
Cartagena,26/01/2024,32.1
Bogota,27/01/2024,13.4
Medellin,27/01/2024,21.5
Cali,27/01/2024,27.8
Barranquilla,27/01/2024,32.0
Cartagena,27/01/2024,32.6
Bogota,28/01/2024,17.0
Medellin,28/01/2024,25.4
Cali,28/01/2024,25.4
Barranquilla,28/01/2024,30.7
Cartagena,28/01/2024,29.2
Bogota,29/01/2024,16.0
Medellin,29/01/2024,25.5
Cali,29/01/2024,29.0
Barranquilla,29/01/2024,30.8
Cartagena,29/01/2024,32.6
Bogota,30/01/2024,14.6
Medellin,30/01/2024,21.8
Cali,30/01/2024,28.5
Barranquilla,30/01/2024,28.4
Cartagena,30/01/2024,28.7
Bogota,31/01/2024,12.9
Medellin,31/01/2024,25.3
Cali,31/01/2024,29.7
Barranquilla,31/01/2024,28.2
Cartagena,31/01/2024,32.6
Bogota,01/02/2024,14.3
Medellin,01/02/2024,24.1
Cali,01/02/2024,26.9
Barranquilla,01/02/2024,33.2
Cartagena,01/02/2024,31.8
Bogota,02/02/2024,13.2
Medellin,02/02/2024,25.2
Cali,02/02/2024,29.8
Barranquilla,02/02/2024,30.0
Cartagena,02/02/2024,30.2
Bogota,03/02/2024,15.8
Medellin,03/02/2024,23.7
Cali,03/02/2024,28.4
Barranquilla,03/02/2024,30.3
Cartagena,03/02/2024,28.2
Bogota,04/02/2024,13.7
Medellin,04/02/2024,24.3
Cali,04/02/2024,27.0
Barranquilla,04/02/2024,32.9
Cartagena,04/02/2024,29.0
Bogota,05/02/2024,13.9
Medellin,05/02/2024,24.7
Cali,05/02/2024,27.4
Barranquilla,05/02/2024,33.6
Cartagena,05/02/2024,30.3
Bogota,06/02/2024,14.1
Medellin,06/02/2024,24.7
Cali,06/02/2024,26.6
Barranquilla,06/02/2024,33.2
Cartagena,06/02/2024,32.9
Bogota,07/02/2024,13.0
Medellin,07/02/2024,24.9
Cali,07/02/2024,24.2
Barranquilla,07/02/2024,33.1
Cartagena,07/02/2024,29.4
Bogota,08/02/2024,15.9
Medellin,08/02/2024,25.1
Cali,08/02/2024,25.2
Barranquilla,08/02/2024,33.2
Cartagena,08/02/2024,27.4
Bogota,09/02/2024,16.5
Medellin,09/02/2024,20.9
Cali,09/02/2024,29.0
Barranquilla,09/02/2024,33.7
Cartagena,09/02/2024,31.2
Bogota,10/02/2024,16.1
Medellin,10/02/2024,22.4
Cali,10/02/2024,26.8
Barranquilla,10/02/2024,32.4
Cartagena,10/02/2024,29.2
Bogota,11/02/2024,12.5
Medellin,11/02/2024,24.2
Cali,11/02/2024,26.9
Barranquilla,11/02/2024,31.8
Cartagena,11/02/2024,28.9
Bogota,12/02/2024,13.2
Medellin,12/02/2024,23.0
Cali,12/02/2024,27.2
Barranquilla,12/02/2024,29.4
Cartagena,12/02/2024,32.3
Bogota,13/02/2024,12.7
Medellin,13/02/2024,25.6
Cali,13/02/2024,26.1
Barranquilla,13/02/2024,31.0
Cartagena,13/02/2024,30.1
Bogota,14/02/2024,14.7
Medellin,14/02/2024,24.2
Cali,14/02/2024,28.3
Barranquilla,14/02/2024,30.2
Cartagena,14/02/2024,31.0
Bogota,15/02/2024,13.1
Medellin,15/02/2024,21.3
Cali,15/02/2024,28.1
Barranquilla,15/02/2024,31.8
Cartagena,15/02/2024,29.0
Bogota,16/02/2024,16.5
Medellin,16/02/2024,22.7
Cali,16/02/2024,26.5
Barranquilla,16/02/2024,31.0
Cartagena,16/02/2024,30.6
Bogota,17/02/2024,12.5
Medellin,17/02/2024,22.9
Cali,17/02/2024,24.9
Barranquilla,17/02/2024,33.1
Cartagena,17/02/2024,30.3
Bogota,18/02/2024,17.0
Medellin,18/02/2024,21.5
Cali,18/02/2024,28.6
Barranquilla,18/02/2024,33.6
Cartagena,18/02/2024,32.9
Bogota,19/02/2024,16.4
Medellin,19/02/2024,23.0
Cali,19/02/2024,27.7
Barranquilla,19/02/2024,31.8
Cartagena,19/02/2024,31.7
Bogota,20/02/2024,16.5
Medellin,20/02/2024,25.4
Cali,20/02/2024,29.1
Barranquilla,20/02/2024,29.8
Cartagena,20/02/2024,31.7
Bogota,21/02/2024,12.1
Medellin,21/02/2024,23.3
Cali,21/02/2024,29.3
Barranquilla,21/02/2024,30.0
Cartagena,21/02/2024,31.0
Bogota,22/02/2024,17.0
Medellin,22/02/2024,20.1
Cali,22/02/2024,24.9
Barranquilla,22/02/2024,32.3
Cartagena,22/02/2024,29.9
Bogota,23/02/2024,13.0
Medellin,23/02/2024,26.0
Cali,23/02/2024,28.4
Barranquilla,23/02/2024,32.7
Cartagena,23/02/2024,30.5
Bogota,24/02/2024,15.9
Medellin,24/02/2024,21.2
Cali,24/02/2024,26.6
Barranquilla,24/02/2024,31.2
Cartagena,24/02/2024,27.2
Bogota,25/02/2024,12.8
Medellin,25/02/2024,20.6
Cali,25/02/2024,24.4
Barranquilla,25/02/2024,31.4
Cartagena,25/02/2024,27.4
Bogota,26/02/2024,12.9
Medellin,26/02/2024,21.9
Cali,26/02/2024,25.0
Barranquilla,26/02/2024,30.9
Cartagena,26/02/2024,27.8
Bogota,27/02/2024,12.4
Medellin,27/02/2024,23.8
Cali,27/02/2024,29.1
Barranquilla,27/02/2024,30.5
Cartagena,27/02/2024,32.9
Bogota,28/02/2024,13.4
Medellin,28/02/2024,22.1
Cali,28/02/2024,24.5
Barranquilla,28/02/2024,31.8
Cartagena,28/02/2024,30.7
Bogota,29/02/2024,13.6
Medellin,29/02/2024,25.5
Cali,29/02/2024,27.6
Barranquilla,29/02/2024,33.7
Cartagena,29/02/2024,30.0
Bogota,01/03/2024,14.1
Medellin,01/03/2024,22.4
Cali,01/03/2024,26.6
Barranquilla,01/03/2024,30.5
Cartagena,01/03/2024,30.1
Bogota,02/03/2024,15.0
Medellin,02/03/2024,20.3
Cali,02/03/2024,27.7
Barranquilla,02/03/2024,32.2
Cartagena,02/03/2024,32.5
Bogota,03/03/2024,15.4
Medellin,03/03/2024,24.1
Cali,03/03/2024,24.3
Barranquilla,03/03/2024,28.1
Cartagena,03/03/2024,27.7
Bogota,04/03/2024,12.9
Medellin,04/03/2024,23.5
Cali,04/03/2024,29.1
Barranquilla,04/03/2024,29.0
Cartagena,04/03/2024,27.4
Bogota,05/03/2024,13.5
Medellin,05/03/2024,20.0
Cali,05/03/2024,24.6
Barranquilla,05/03/2024,28.5
Cartagena,05/03/2024,28.5
Bogota,06/03/2024,13.0
Medellin,06/03/2024,25.9
Cali,06/03/2024,29.8
Barranquilla,06/03/2024,31.4
Cartagena,06/03/2024,28.6
Bogota,07/03/2024,12.8
Medellin,07/03/2024,23.9
Cali,07/03/2024,30.0
Barranquilla,07/03/2024,31.3
Cartagena,07/03/2024,30.6
Bogota,08/03/2024,12.5
Medellin,08/03/2024,23.0
Cali,08/03/2024,29.1
Barranquilla,08/03/2024,33.1
Cartagena,08/03/2024,32.5
Bogota,09/03/2024,16.7
Medellin,09/03/2024,25.2
Cali,09/03/2024,28.6
Barranquilla,09/03/2024,30.8
Cartagena,09/03/2024,31.1
Bogota,10/03/2024,14.0
Medellin,10/03/2024,20.0
Cali,10/03/2024,28.4
Barranquilla,10/03/2024,31.8
Cartagena,10/03/2024,27.0
Bogota,11/03/2024,12.6
Medellin,11/03/2024,22.8
Cali,11/03/2024,24.2
Barranquilla,11/03/2024,33.7
Cartagena,11/03/2024,27.3
Bogota,12/03/2024,15.7
Medellin,12/03/2024,20.1
Cali,12/03/2024,29.1
Barranquilla,12/03/2024,30.6
Cartagena,12/03/2024,29.8
Bogota,13/03/2024,12.8
Medellin,13/03/2024,22.7
Cali,13/03/2024,28.2
Barranquilla,13/03/2024,32.3
Cartagena,13/03/2024,28.6
Bogota,14/03/2024,15.2
Medellin,14/03/2024,23.3
Cali,14/03/2024,27.5
Barranquilla,14/03/2024,30.2
Cartagena,14/03/2024,29.5
Bogota,15/03/2024,15.7
Medellin,15/03/2024,22.6
Cali,15/03/2024,25.5
Barranquilla,15/03/2024,30.4
Cartagena,15/03/2024,28.2
Bogota,16/03/2024,16.3
Medellin,16/03/2024,21.4
Cali,16/03/2024,28.7
Barranquilla,16/03/2024,29.9
Cartagena,16/03/2024,30.3
Bogota,17/03/2024,12.1
Medellin,17/03/2024,20.5
Cali,17/03/2024,24.1
Barranquilla,17/03/2024,29.5
Cartagena,17/03/2024,27.9
Bogota,18/03/2024,12.4
Medellin,18/03/2024,24.9
Cali,18/03/2024,29.4
Barranquilla,18/03/2024,28.2
Cartagena,18/03/2024,29.4
Bogota,19/03/2024,14.3
Medellin,19/03/2024,22.0
Cali,19/03/2024,25.8
Barranquilla,19/03/2024,31.2
Cartagena,19/03/2024,30.6
Bogota,20/03/2024,13.6
Medellin,20/03/2024,25.3
Cali,20/03/2024,26.0
Barranquilla,20/03/2024,31.6
Cartagena,20/03/2024,30.8
Bogota,21/03/2024,16.2
Medellin,21/03/2024,20.1
Cali,21/03/2024,24.8
Barranquilla,21/03/2024,30.1
Cartagena,21/03/2024,31.2
Bogota,22/03/2024,16.8
Medellin,22/03/2024,20.4
Cali,22/03/2024,29.6
Barranquilla,22/03/2024,33.1
Cartagena,22/03/2024,31.9
Bogota,23/03/2024,12.6
Medellin,23/03/2024,20.8
Cali,23/03/2024,24.9
Barranquilla,23/03/2024,32.6
Cartagena,23/03/2024,32.9
Bogota,24/03/2024,14.7
Medellin,24/03/2024,23.3
Cali,24/03/2024,24.3
Barranquilla,24/03/2024,32.2
Cartagena,24/03/2024,32.6
Bogota,25/03/2024,15.4
Medellin,25/03/2024,20.4
Cali,25/03/2024,25.6
Barranquilla,25/03/2024,30.7
Cartagena,25/03/2024,29.2
Bogota,26/03/2024,14.6
Medellin,26/03/2024,20.8
Cali,26/03/2024,29.6
Barranquilla,26/03/2024,30.1
Cartagena,26/03/2024,32.8
Bogota,27/03/2024,16.2
Medellin,27/03/2024,23.5
Cali,27/03/2024,25.9
Barranquilla,27/03/2024,33.6
Cartagena,27/03/2024,30.5
Bogota,28/03/2024,15.6
Medellin,28/03/2024,25.1
Cali,28/03/2024,24.2
Barranquilla,28/03/2024,28.6
Cartagena,28/03/2024,30.4
Bogota,29/03/2024,16.5
Medellin,29/03/2024,23.4
Cali,29/03/2024,25.6
Barranquilla,29/03/2024,28.2
Cartagena,29/03/2024,28.3
Bogota,30/03/2024,14.1
Medellin,30/03/2024,25.1
Cali,30/03/2024,26.1
Barranquilla,30/03/2024,32.5
Cartagena,30/03/2024,30.3
Bogota,31/03/2024,12.0
Medellin,31/03/2024,22.9
Cali,31/03/2024,27.3
Barranquilla,31/03/2024,28.3
Cartagena,31/03/2024,30.4
Bogota,01/04/2024,13.9
Medellin,01/04/2024,22.8
Cali,01/04/2024,25.8
Barranquilla,01/04/2024,32.4
Cartagena,01/04/2024,31.8
Bogota,02/04/2024,13.1
Medellin,02/04/2024,22.1
Cali,02/04/2024,27.0
Barranquilla,02/04/2024,28.9
Cartagena,02/04/2024,32.8
Bogota,03/04/2024,13.7
Medellin,03/04/2024,24.7
Cali,03/04/2024,27.1
Barranquilla,03/04/2024,30.5
Cartagena,03/04/2024,28.8
Bogota,04/04/2024,14.5
Medellin,04/04/2024,25.0
Cali,04/04/2024,24.9
Barranquilla,04/04/2024,31.7
Cartagena,04/04/2024,30.3
Bogota,05/04/2024,13.1
Medellin,05/04/2024,22.5
Cali,05/04/2024,27.1
Barranquilla,05/04/2024,29.8
Cartagena,05/04/2024,29.5
Bogota,06/04/2024,13.7
Medellin,06/04/2024,23.3
Cali,06/04/2024,29.6
Barranquilla,06/04/2024,29.2
Cartagena,06/04/2024,31.2
Bogota,07/04/2024,13.1
Medellin,07/04/2024,20.5
Cali,07/04/2024,26.0
Barranquilla,07/04/2024,31.4
Cartagena,07/04/2024,28.7
Bogota,08/04/2024,13.2
Medellin,08/04/2024,20.2
Cali,08/04/2024,25.9
Barranquilla,08/04/2024,30.8
Cartagena,08/04/2024,28.3
Bogota,09/04/2024,13.4
Medellin,09/04/2024,20.4
Cali,09/04/2024,24.9
Barranquilla,09/04/2024,29.1
Cartagena,09/04/2024,31.8
Bogota,10/04/2024,16.0
Medellin,10/04/2024,25.4
Cali,10/04/2024,24.1
Barranquilla,10/04/2024,33.1
Cartagena,10/04/2024,31.7
Bogota,11/04/2024,15.1
Medellin,11/04/2024,22.6
Cali,11/04/2024,27.3
Barranquilla,11/04/2024,31.6
Cartagena,11/04/2024,27.6
Bogota,12/04/2024,15.4
Medellin,12/04/2024,24.5
Cali,12/04/2024,27.3
Barranquilla,12/04/2024,31.2
Cartagena,12/04/2024,30.9
Bogota,13/04/2024,16.3
Medellin,13/04/2024,25.3
Cali,13/04/2024,26.0
Barranquilla,13/04/2024,30.1
Cartagena,13/04/2024,30.4
Bogota,14/04/2024,14.1
Medellin,14/04/2024,21.4
Cali,14/04/2024,27.9
Barranquilla,14/04/2024,32.2
Cartagena,14/04/2024,28.8
Bogota,15/04/2024,13.7
Medellin,15/04/2024,25.7
Cali,15/04/2024,28.4
Barranquilla,15/04/2024,32.2
Cartagena,15/04/2024,32.4
Bogota,16/04/2024,14.3
Medellin,16/04/2024,25.4
Cali,16/04/2024,25.5
Barranquilla,16/04/2024,28.7
Cartagena,16/04/2024,32.2
Bogota,17/04/2024,14.1
Medellin,17/04/2024,21.2
Cali,17/04/2024,29.4
Barranquilla,17/04/2024,33.7
Cartagena,17/04/2024,29.9
Bogota,18/04/2024,14.2
Medellin,18/04/2024,23.8
Cali,18/04/2024,26.9
Barranquilla,18/04/2024,28.1
Cartagena,18/04/2024,30.9
Bogota,19/04/2024,13.2
Medellin,19/04/2024,24.3
Cali,19/04/2024,27.0
Barranquilla,19/04/2024,30.5
Cartagena,19/04/2024,29.3
Bogota,20/04/2024,12.4
Medellin,20/04/2024,20.6
Cali,20/04/2024,24.7
Barranquilla,20/04/2024,30.3
Cartagena,20/04/2024,30.8
Bogota,21/04/2024,15.9
Medellin,21/04/2024,21.7
Cali,21/04/2024,29.6
Barranquilla,21/04/2024,29.3
Cartagena,21/04/2024,32.7
Bogota,22/04/2024,13.4
Medellin,22/04/2024,22.8
Cali,22/04/2024,25.4
Barranquilla,22/04/2024,30.8
Cartagena,22/04/2024,28.7
Bogota,23/04/2024,13.1
Medellin,23/04/2024,25.0
Cali,23/04/2024,24.8
Barranquilla,23/04/2024,33.9
Cartagena,23/04/2024,32.9
Bogota,24/04/2024,15.0
Medellin,24/04/2024,23.9
Cali,24/04/2024,25.8
Barranquilla,24/04/2024,29.7
Cartagena,24/04/2024,27.3
Bogota,25/04/2024,14.1
Medellin,25/04/2024,21.6
Cali,25/04/2024,25.7
Barranquilla,25/04/2024,32.9
Cartagena,25/04/2024,30.9
Bogota,26/04/2024,12.3
Medellin,26/04/2024,22.3
Cali,26/04/2024,24.9
Barranquilla,26/04/2024,30.5
Cartagena,26/04/2024,27.4
Bogota,27/04/2024,12.7
Medellin,27/04/2024,21.9
Cali,27/04/2024,28.2
Barranquilla,27/04/2024,29.6
Cartagena,27/04/2024,29.9
Bogota,28/04/2024,15.7
Medellin,28/04/2024,22.0
Cali,28/04/2024,29.9
Barranquilla,28/04/2024,29.8
Cartagena,28/04/2024,30.9
Bogota,29/04/2024,13.1
Medellin,29/04/2024,23.3
Cali,29/04/2024,28.5
Barranquilla,29/04/2024,33.1
Cartagena,29/04/2024,27.1
Bogota,30/04/2024,15.1
Medellin,30/04/2024,21.9
Cali,30/04/2024,25.4
Barranquilla,30/04/2024,29.3
Cartagena,30/04/2024,32.8
Bogota,01/05/2024,12.7
Medellin,01/05/2024,25.1
Cali,01/05/2024,24.2
Barranquilla,01/05/2024,31.4
Cartagena,01/05/2024,27.6
Bogota,02/05/2024,16.4
Medellin,02/05/2024,22.5
Cali,02/05/2024,24.3
Barranquilla,02/05/2024,29.8
Cartagena,02/05/2024,27.2
Bogota,03/05/2024,12.4
Medellin,03/05/2024,24.5
Cali,03/05/2024,26.8
Barranquilla,03/05/2024,28.2
Cartagena,03/05/2024,28.8
Bogota,04/05/2024,15.1
Medellin,04/05/2024,24.8
Cali,04/05/2024,28.9
Barranquilla,04/05/2024,30.0
Cartagena,04/05/2024,29.9
Bogota,05/05/2024,16.8
Medellin,05/05/2024,23.9
Cali,05/05/2024,28.0
Barranquilla,05/05/2024,31.5
Cartagena,05/05/2024,31.2
Bogota,06/05/2024,15.6
Medellin,06/05/2024,25.7
Cali,06/05/2024,27.0
Barranquilla,06/05/2024,29.4
Cartagena,06/05/2024,28.1
Bogota,07/05/2024,12.5
Medellin,07/05/2024,20.1
Cali,07/05/2024,25.0
Barranquilla,07/05/2024,31.4
Cartagena,07/05/2024,27.9
Bogota,08/05/2024,15.4
Medellin,08/05/2024,20.5
Cali,08/05/2024,27.1
Barranquilla,08/05/2024,29.7
Cartagena,08/05/2024,31.4
Bogota,09/05/2024,12.8
Medellin,09/05/2024,20.4
Cali,09/05/2024,26.2
Barranquilla,09/05/2024,28.3
Cartagena,09/05/2024,30.2
Bogota,10/05/2024,13.7
Medellin,10/05/2024,23.3
Cali,10/05/2024,26.6
Barranquilla,10/05/2024,33.1
Cartagena,10/05/2024,31.6
Bogota,11/05/2024,16.1
Medellin,11/05/2024,21.3
Cali,11/05/2024,29.9
Barranquilla,11/05/2024,29.6
Cartagena,11/05/2024,28.6
Bogota,12/05/2024,13.5
Medellin,12/05/2024,21.8
Cali,12/05/2024,29.9
Barranquilla,12/05/2024,30.3
Cartagena,12/05/2024,30.5
Bogota,13/05/2024,12.1
Medellin,13/05/2024,22.6
Cali,13/05/2024,28.7
Barranquilla,13/05/2024,29.4
Cartagena,13/05/2024,30.9
Bogota,14/05/2024,12.2
Medellin,14/05/2024,20.4
Cali,14/05/2024,24.0
Barranquilla,14/05/2024,31.3
Cartagena,14/05/2024,29.9
Bogota,15/05/2024,15.8
Medellin,15/05/2024,23.1
Cali,15/05/2024,28.5
Barranquilla,15/05/2024,29.8
Cartagena,15/05/2024,29.2
Bogota,16/05/2024,16.4
Medellin,16/05/2024,22.2
Cali,16/05/2024,28.4
Barranquilla,16/05/2024,31.2
Cartagena,16/05/2024,27.4
Bogota,17/05/2024,13.5
Medellin,17/05/2024,20.1
Cali,17/05/2024,25.6
Barranquilla,17/05/2024,28.2
Cartagena,17/05/2024,27.2
Bogota,18/05/2024,16.1
Medellin,18/05/2024,25.5
Cali,18/05/2024,25.0
Barranquilla,18/05/2024,32.4
Cartagena,18/05/2024,27.1
Bogota,19/05/2024,14.6
Medellin,19/05/2024,22.4
Cali,19/05/2024,25.1
Barranquilla,19/05/2024,29.4
Cartagena,19/05/2024,30.1
Bogota,20/05/2024,12.6
Medellin,20/05/2024,21.2
Cali,20/05/2024,24.9
Barranquilla,20/05/2024,29.1
Cartagena,20/05/2024,31.6
Bogota,21/05/2024,15.3
Medellin,21/05/2024,22.2
Cali,21/05/2024,27.0
Barranquilla,21/05/2024,28.2
Cartagena,21/05/2024,27.2
Bogota,22/05/2024,16.5
Medellin,22/05/2024,24.6
Cali,22/05/2024,25.7
Barranquilla,22/05/2024,30.3
Cartagena,22/05/2024,27.8
Bogota,23/05/2024,13.8
Medellin,23/05/2024,20.2
Cali,23/05/2024,27.9
Barranquilla,23/05/2024,33.4
Cartagena,23/05/2024,31.4
Bogota,24/05/2024,15.1
Medellin,24/05/2024,20.7
Cali,24/05/2024,29.0
Barranquilla,24/05/2024,28.6
Cartagena,24/05/2024,31.7
Bogota,25/05/2024,14.2
Medellin,25/05/2024,25.5
Cali,25/05/2024,26.8
Barranquilla,25/05/2024,31.3
Cartagena,25/05/2024,27.1
Bogota,26/05/2024,17.0
Medellin,26/05/2024,25.6
Cali,26/05/2024,28.5
Barranquilla,26/05/2024,28.2
Cartagena,26/05/2024,27.3
Bogota,27/05/2024,13.9
Medellin,27/05/2024,23.0
Cali,27/05/2024,26.2
Barranquilla,27/05/2024,29.6
Cartagena,27/05/2024,30.0
Bogota,28/05/2024,12.5
Medellin,28/05/2024,21.0
Cali,28/05/2024,29.1
Barranquilla,28/05/2024,31.4
Cartagena,28/05/2024,32.0
Bogota,29/05/2024,13.9
Medellin,29/05/2024,23.7
Cali,29/05/2024,30.0
Barranquilla,29/05/2024,31.3
Cartagena,29/05/2024,32.6
Bogota,30/05/2024,12.4
Medellin,30/05/2024,25.2
Cali,30/05/2024,29.1
Barranquilla,30/05/2024,29.3
Cartagena,30/05/2024,32.3
Bogota,31/05/2024,14.7
Medellin,31/05/2024,25.4
Cali,31/05/2024,26.1
Barranquilla,31/05/2024,33.9
Cartagena,31/05/2024,28.1
Bogota,01/06/2024,16.7
Medellin,01/06/2024,25.3
Cali,01/06/2024,24.7
Barranquilla,01/06/2024,33.1
Cartagena,01/06/2024,28.6
Bogota,02/06/2024,13.9
Medellin,02/06/2024,23.1
Cali,02/06/2024,24.3
Barranquilla,02/06/2024,29.4
Cartagena,02/06/2024,30.8
Bogota,03/06/2024,16.1
Medellin,03/06/2024,21.9
Cali,03/06/2024,26.2
Barranquilla,03/06/2024,28.6
Cartagena,03/06/2024,27.8
Bogota,04/06/2024,13.0
Medellin,04/06/2024,20.6
Cali,04/06/2024,24.6
Barranquilla,04/06/2024,31.4
Cartagena,04/06/2024,32.7
Bogota,05/06/2024,13.3
Medellin,05/06/2024,20.0
Cali,05/06/2024,28.7
Barranquilla,05/06/2024,31.2
Cartagena,05/06/2024,27.4
Bogota,06/06/2024,16.1
Medellin,06/06/2024,23.2
Cali,06/06/2024,27.1
Barranquilla,06/06/2024,32.8
Cartagena,06/06/2024,30.3
Bogota,07/06/2024,12.1
Medellin,07/06/2024,23.6
Cali,07/06/2024,25.1
Barranquilla,07/06/2024,28.5
Cartagena,07/06/2024,29.0
Bogota,08/06/2024,16.1
Medellin,08/06/2024,22.1
Cali,08/06/2024,28.9
Barranquilla,08/06/2024,29.1
Cartagena,08/06/2024,29.0
Bogota,09/06/2024,13.7
Medellin,09/06/2024,25.7
Cali,09/06/2024,24.1
Barranquilla,09/06/2024,33.9
Cartagena,09/06/2024,27.4
Bogota,10/06/2024,13.2
Medellin,10/06/2024,23.5
Cali,10/06/2024,27.9
Barranquilla,10/06/2024,28.4
Cartagena,10/06/2024,27.8
Bogota,11/06/2024,16.3
Medellin,11/06/2024,25.1
Cali,11/06/2024,29.1
Barranquilla,11/06/2024,28.9
Cartagena,11/06/2024,28.3
Bogota,12/06/2024,13.9
Medellin,12/06/2024,24.0
Cali,12/06/2024,25.5
Barranquilla,12/06/2024,30.1
Cartagena,12/06/2024,32.7
Bogota,13/06/2024,12.9
Medellin,13/06/2024,22.0
Cali,13/06/2024,25.2
Barranquilla,13/06/2024,32.2
Cartagena,13/06/2024,30.9
Bogota,14/06/2024,14.0
Medellin,14/06/2024,24.8
Cali,14/06/2024,25.6
Barranquilla,14/06/2024,28.4
Cartagena,14/06/2024,32.4
Bogota,15/06/2024,15.4
Medellin,15/06/2024,22.3
Cali,15/06/2024,26.1
Barranquilla,15/06/2024,29.5
Cartagena,15/06/2024,31.8
Bogota,16/06/2024,14.6
Medellin,16/06/2024,21.7
Cali,16/06/2024,24.5
Barranquilla,16/06/2024,30.2
Cartagena,16/06/2024,27.3
Bogota,17/06/2024,13.5
Medellin,17/06/2024,21.0
Cali,17/06/2024,27.4
Barranquilla,17/06/2024,29.3
Cartagena,17/06/2024,30.5
Bogota,18/06/2024,13.5
Medellin,18/06/2024,23.7
Cali,18/06/2024,24.2
Barranquilla,18/06/2024,30.3
Cartagena,18/06/2024,32.5
Bogota,19/06/2024,16.1
Medellin,19/06/2024,23.2
Cali,19/06/2024,24.1
Barranquilla,19/06/2024,31.5
Cartagena,19/06/2024,31.2
Bogota,20/06/2024,12.9
Medellin,20/06/2024,23.3
Cali,20/06/2024,28.2
Barranquilla,20/06/2024,31.9
Cartagena,20/06/2024,29.9
Bogota,21/06/2024,15.1
Medellin,21/06/2024,21.8
Cali,21/06/2024,29.5
Barranquilla,21/06/2024,32.6
Cartagena,21/06/2024,28.7
Bogota,22/06/2024,16.9
Medellin,22/06/2024,23.0
Cali,22/06/2024,29.8
Barranquilla,22/06/2024,30.7
Cartagena,22/06/2024,31.8
Bogota,23/06/2024,15.5
Medellin,23/06/2024,25.7
Cali,23/06/2024,26.4
Barranquilla,23/06/2024,30.4
Cartagena,23/06/2024,31.2
Bogota,24/06/2024,14.0
Medellin,24/06/2024,24.1
Cali,24/06/2024,26.1
Barranquilla,24/06/2024,30.6
Cartagena,24/06/2024,29.5
Bogota,25/06/2024,15.3
Medellin,25/06/2024,21.1
Cali,25/06/2024,29.1
Barranquilla,25/06/2024,32.9
Cartagena,25/06/2024,31.1
Bogota,26/06/2024,17.0
Medellin,26/06/2024,25.1
Cali,26/06/2024,27.3
Barranquilla,26/06/2024,29.2
Cartagena,26/06/2024,28.5
Bogota,27/06/2024,14.7
Medellin,27/06/2024,25.6
Cali,27/06/2024,25.4
Barranquilla,27/06/2024,31.1
Cartagena,27/06/2024,31.8
Bogota,28/06/2024,15.7
Medellin,28/06/2024,25.2
Cali,28/06/2024,26.3
Barranquilla,28/06/2024,31.4
Cartagena,28/06/2024,29.9
Bogota,29/06/2024,13.7
Medellin,29/06/2024,24.4
Cali,29/06/2024,24.6
Barranquilla,29/06/2024,30.5
Cartagena,29/06/2024,29.9
Bogota,30/06/2024,16.1
Medellin,30/06/2024,20.2
Cali,30/06/2024,24.1
Barranquilla,30/06/2024,29.3
Cartagena,30/06/2024,28.1
Bogota,01/07/2024,15.5
Medellin,01/07/2024,23.6
Cali,01/07/2024,27.7
Barranquilla,01/07/2024,31.4
Cartagena,01/07/2024,32.5
Bogota,02/07/2024,15.6
Medellin,02/07/2024,23.5
Cali,02/07/2024,29.8
Barranquilla,02/07/2024,32.1
Cartagena,02/07/2024,28.1
Bogota,03/07/2024,16.6
Medellin,03/07/2024,23.5
Cali,03/07/2024,28.0
Barranquilla,03/07/2024,32.7
Cartagena,03/07/2024,27.6
Bogota,04/07/2024,16.0
Medellin,04/07/2024,25.3
Cali,04/07/2024,27.6
Barranquilla,04/07/2024,30.6
Cartagena,04/07/2024,31.2
Bogota,05/07/2024,13.2
Medellin,05/07/2024,22.9
Cali,05/07/2024,25.3
Barranquilla,05/07/2024,28.8
Cartagena,05/07/2024,28.9
Bogota,06/07/2024,16.4
Medellin,06/07/2024,24.8
Cali,06/07/2024,28.6
Barranquilla,06/07/2024,33.6
Cartagena,06/07/2024,29.0
Bogota,07/07/2024,13.4
Medellin,07/07/2024,20.9
Cali,07/07/2024,25.4
Barranquilla,07/07/2024,28.1
Cartagena,07/07/2024,31.3
Bogota,08/07/2024,12.4
Medellin,08/07/2024,24.0
Cali,08/07/2024,27.9
Barranquilla,08/07/2024,30.9
Cartagena,08/07/2024,28.7
Bogota,09/07/2024,14.1
Medellin,09/07/2024,21.7
Cali,09/07/2024,27.8
Barranquilla,09/07/2024,32.7
Cartagena,09/07/2024,27.9
Bogota,10/07/2024,13.8
Medellin,10/07/2024,21.9
Cali,10/07/2024,27.7
Barranquilla,10/07/2024,30.1
Cartagena,10/07/2024,30.1
Bogota,11/07/2024,16.2
Medellin,11/07/2024,25.4
Cali,11/07/2024,27.9
Barranquilla,11/07/2024,30.2
Cartagena,11/07/2024,30.6
Bogota,12/07/2024,13.0
Medellin,12/07/2024,22.4
Cali,12/07/2024,29.8
Barranquilla,12/07/2024,30.1
Cartagena,12/07/2024,27.4
Bogota,13/07/2024,13.0
Medellin,13/07/2024,25.1
Cali,13/07/2024,28.4
Barranquilla,13/07/2024,29.7
Cartagena,13/07/2024,32.5
Bogota,14/07/2024,16.5
Medellin,14/07/2024,21.8
Cali,14/07/2024,25.9
Barranquilla,14/07/2024,28.4
Cartagena,14/07/2024,30.4
Bogota,15/07/2024,13.7
Medellin,15/07/2024,25.1
Cali,15/07/2024,28.6
Barranquilla,15/07/2024,31.5
Cartagena,15/07/2024,27.5
Bogota,16/07/2024,14.4
Medellin,16/07/2024,20.1
Cali,16/07/2024,28.3
Barranquilla,16/07/2024,29.6
Cartagena,16/07/2024,29.4
Bogota,17/07/2024,16.8
Medellin,17/07/2024,23.0
Cali,17/07/2024,27.6
Barranquilla,17/07/2024,28.9
Cartagena,17/07/2024,31.7
Bogota,18/07/2024,14.3
Medellin,18/07/2024,23.6
Cali,18/07/2024,28.5
Barranquilla,18/07/2024,28.7
Cartagena,18/07/2024,32.1
Bogota,19/07/2024,12.7
Medellin,19/07/2024,23.4
Cali,19/07/2024,27.8
Barranquilla,19/07/2024,33.5
Cartagena,19/07/2024,32.9
Bogota,20/07/2024,16.2
Medellin,20/07/2024,25.8
Cali,20/07/2024,26.1
Barranquilla,20/07/2024,30.3
Cartagena,20/07/2024,28.4
Bogota,21/07/2024,15.2
Medellin,21/07/2024,22.9
Cali,21/07/2024,25.3
Barranquilla,21/07/2024,32.1
Cartagena,21/07/2024,27.8
Bogota,22/07/2024,12.7
Medellin,22/07/2024,22.1
Cali,22/07/2024,29.8
Barranquilla,22/07/2024,32.8
Cartagena,22/07/2024,32.4
Bogota,23/07/2024,16.5
Medellin,23/07/2024,20.8
Cali,23/07/2024,24.3
Barranquilla,23/07/2024,31.6
Cartagena,23/07/2024,28.7
Bogota,24/07/2024,16.9
Medellin,24/07/2024,21.9
Cali,24/07/2024,24.1
Barranquilla,24/07/2024,28.0
Cartagena,24/07/2024,28.1
Bogota,25/07/2024,16.1
Medellin,25/07/2024,20.5
Cali,25/07/2024,29.2
Barranquilla,25/07/2024,33.5
Cartagena,25/07/2024,31.9
Bogota,26/07/2024,13.2
Medellin,26/07/2024,22.3
Cali,26/07/2024,26.3
Barranquilla,26/07/2024,33.0
Cartagena,26/07/2024,30.1
Bogota,27/07/2024,16.6
Medellin,27/07/2024,24.1
Cali,27/07/2024,26.4
Barranquilla,27/07/2024,28.4
Cartagena,27/07/2024,29.5
Bogota,28/07/2024,15.3
Medellin,28/07/2024,24.6
Cali,28/07/2024,27.4
Barranquilla,28/07/2024,28.1
Cartagena,28/07/2024,29.9
Bogota,29/07/2024,15.9
Medellin,29/07/2024,23.0
Cali,29/07/2024,29.4
Barranquilla,29/07/2024,33.1
Cartagena,29/07/2024,30.9
Bogota,30/07/2024,16.3
Medellin,30/07/2024,22.0
Cali,30/07/2024,28.8
Barranquilla,30/07/2024,28.5
Cartagena,30/07/2024,32.5
Bogota,31/07/2024,14.5
Medellin,31/07/2024,22.0
Cali,31/07/2024,26.2
Barranquilla,31/07/2024,29.0
Cartagena,31/07/2024,28.3
Bogota,01/08/2024,13.4
Medellin,01/08/2024,22.4
Cali,01/08/2024,29.7
Barranquilla,01/08/2024,31.1
Cartagena,01/08/2024,29.9
Bogota,02/08/2024,15.4
Medellin,02/08/2024,25.7
Cali,02/08/2024,25.6
Barranquilla,02/08/2024,33.9
Cartagena,02/08/2024,27.8
Bogota,03/08/2024,13.2
Medellin,03/08/2024,24.6
Cali,03/08/2024,25.5
Barranquilla,03/08/2024,32.9
Cartagena,03/08/2024,30.9
Bogota,04/08/2024,13.3
Medellin,04/08/2024,23.7
Cali,04/08/2024,26.1
Barranquilla,04/08/2024,32.5
Cartagena,04/08/2024,28.9
Bogota,05/08/2024,12.7
Medellin,05/08/2024,23.1
Cali,05/08/2024,27.5
Barranquilla,05/08/2024,31.3
Cartagena,05/08/2024,28.9
Bogota,06/08/2024,16.2
Medellin,06/08/2024,24.6
Cali,06/08/2024,28.0
Barranquilla,06/08/2024,29.2
Cartagena,06/08/2024,30.8
Bogota,07/08/2024,14.5
Medellin,07/08/2024,23.8
Cali,07/08/2024,24.5
Barranquilla,07/08/2024,33.0
Cartagena,07/08/2024,27.2
Bogota,08/08/2024,12.4
Medellin,08/08/2024,23.1
Cali,08/08/2024,25.1
Barranquilla,08/08/2024,32.4
Cartagena,08/08/2024,28.2
Bogota,09/08/2024,16.3
Medellin,09/08/2024,26.0
Cali,09/08/2024,26.8
Barranquilla,09/08/2024,28.9
Cartagena,09/08/2024,31.4
Bogota,10/08/2024,15.3
Medellin,10/08/2024,23.6
Cali,10/08/2024,27.2
Barranquilla,10/08/2024,30.5
Cartagena,10/08/2024,31.1
Bogota,11/08/2024,13.9
Medellin,11/08/2024,23.0
Cali,11/08/2024,29.2
Barranquilla,11/08/2024,33.3
Cartagena,11/08/2024,31.6
Bogota,12/08/2024,16.8
Medellin,12/08/2024,24.5
Cali,12/08/2024,24.2
Barranquilla,12/08/2024,32.3
Cartagena,12/08/2024,30.8
Bogota,13/08/2024,14.9
Medellin,13/08/2024,21.9
Cali,13/08/2024,25.7
Barranquilla,13/08/2024,33.1
Cartagena,13/08/2024,29.2
Bogota,14/08/2024,14.0
Medellin,14/08/2024,21.2
Cali,14/08/2024,28.2
Barranquilla,14/08/2024,31.8
Cartagena,14/08/2024,27.2
Bogota,15/08/2024,14.1
Medellin,15/08/2024,23.8
Cali,15/08/2024,26.7
Barranquilla,15/08/2024,32.2
Cartagena,15/08/2024,32.7
Bogota,16/08/2024,15.2
Medellin,16/08/2024,23.8
Cali,16/08/2024,25.4
Barranquilla,16/08/2024,29.2
Cartagena,16/08/2024,32.0
Bogota,17/08/2024,12.9
Medellin,17/08/2024,25.0
Cali,17/08/2024,24.3
Barranquilla,17/08/2024,31.3
Cartagena,17/08/2024,29.7
Bogota,18/08/2024,15.2
Medellin,18/08/2024,22.1
Cali,18/08/2024,26.0
Barranquilla,18/08/2024,32.1
Cartagena,18/08/2024,28.4
Bogota,19/08/2024,15.9
Medellin,19/08/2024,21.4
Cali,19/08/2024,25.0
Barranquilla,19/08/2024,31.7
Cartagena,19/08/2024,30.6
Bogota,20/08/2024,14.9
Medellin,20/08/2024,20.9
Cali,20/08/2024,29.7
Barranquilla,20/08/2024,31.8
Cartagena,20/08/2024,29.8
Bogota,21/08/2024,12.3
Medellin,21/08/2024,20.1
Cali,21/08/2024,28.2
Barranquilla,21/08/2024,33.8
Cartagena,21/08/2024,28.2
Bogota,22/08/2024,13.5
Medellin,22/08/2024,20.2
Cali,22/08/2024,29.1
Barranquilla,22/08/2024,30.9
Cartagena,22/08/2024,27.6
Bogota,23/08/2024,14.2
Medellin,23/08/2024,25.2
Cali,23/08/2024,26.7
Barranquilla,23/08/2024,30.5
Cartagena,23/08/2024,32.9
Bogota,24/08/2024,15.7
Medellin,24/08/2024,23.0
Cali,24/08/2024,25.8
Barranquilla,24/08/2024,29.9
Cartagena,24/08/2024,31.5
Bogota,25/08/2024,14.6
Medellin,25/08/2024,22.1
Cali,25/08/2024,25.4
Barranquilla,25/08/2024,30.3
Cartagena,25/08/2024,29.2
Bogota,26/08/2024,13.2
Medellin,26/08/2024,20.1
Cali,26/08/2024,26.3
Barranquilla,26/08/2024,29.5
Cartagena,26/08/2024,32.6
Bogota,27/08/2024,12.3
Medellin,27/08/2024,24.2
Cali,27/08/2024,24.1
Barranquilla,27/08/2024,33.0
Cartagena,27/08/2024,30.6
Bogota,28/08/2024,13.7
Medellin,28/08/2024,24.5
Cali,28/08/2024,25.9
Barranquilla,28/08/2024,32.6
Cartagena,28/08/2024,31.7
Bogota,29/08/2024,13.5
Medellin,29/08/2024,23.7
Cali,29/08/2024,28.0
Barranquilla,29/08/2024,32.7
Cartagena,29/08/2024,28.8
Bogota,30/08/2024,14.0
Medellin,30/08/2024,20.5
Cali,30/08/2024,25.5
Barranquilla,30/08/2024,29.6
Cartagena,30/08/2024,27.7
Bogota,31/08/2024,13.7
Medellin,31/08/2024,23.8
Cali,31/08/2024,26.2
Barranquilla,31/08/2024,33.8
Cartagena,31/08/2024,32.9
Bogota,01/09/2024,12.4
Medellin,01/09/2024,24.6
Cali,01/09/2024,27.3
Barranquilla,01/09/2024,28.8
Cartagena,01/09/2024,32.1
Bogota,02/09/2024,15.1
Medellin,02/09/2024,24.8
Cali,02/09/2024,27.8
Barranquilla,02/09/2024,29.1
Cartagena,02/09/2024,32.7
Bogota,03/09/2024,14.6
Medellin,03/09/2024,24.9
Cali,03/09/2024,25.2
Barranquilla,03/09/2024,31.0
Cartagena,03/09/2024,29.3
Bogota,04/09/2024,12.3
Medellin,04/09/2024,24.1
Cali,04/09/2024,29.3
Barranquilla,04/09/2024,32.1
Cartagena,04/09/2024,27.3
Bogota,05/09/2024,13.3
Medellin,05/09/2024,22.2
Cali,05/09/2024,28.7
Barranquilla,05/09/2024,32.5
Cartagena,05/09/2024,32.0
Bogota,06/09/2024,15.5
Medellin,06/09/2024,23.1
Cali,06/09/2024,27.0
Barranquilla,06/09/2024,33.8
Cartagena,06/09/2024,29.1
Bogota,07/09/2024,15.4
Medellin,07/09/2024,24.4
Cali,07/09/2024,29.8
Barranquilla,07/09/2024,33.9
Cartagena,07/09/2024,31.0
Bogota,08/09/2024,13.0
Medellin,08/09/2024,25.6
Cali,08/09/2024,24.5
Barranquilla,08/09/2024,32.2
Cartagena,08/09/2024,30.2
Bogota,09/09/2024,12.3
Medellin,09/09/2024,20.0
Cali,09/09/2024,24.9
Barranquilla,09/09/2024,31.5
Cartagena,09/09/2024,30.6
Bogota,10/09/2024,12.2
Medellin,10/09/2024,23.5
Cali,10/09/2024,29.5
Barranquilla,10/09/2024,32.9
Cartagena,10/09/2024,31.2
Bogota,11/09/2024,12.8
Medellin,11/09/2024,22.8
Cali,11/09/2024,25.9
Barranquilla,11/09/2024,32.0
Cartagena,11/09/2024,29.1
Bogota,12/09/2024,15.0
Medellin,12/09/2024,22.3
Cali,12/09/2024,25.4
Barranquilla,12/09/2024,30.9
Cartagena,12/09/2024,29.4
Bogota,13/09/2024,14.5
Medellin,13/09/2024,21.3
Cali,13/09/2024,27.9
Barranquilla,13/09/2024,28.4
Cartagena,13/09/2024,30.1
Bogota,14/09/2024,16.4
Medellin,14/09/2024,22.5
Cali,14/09/2024,28.0
Barranquilla,14/09/2024,32.5
Cartagena,14/09/2024,30.7
Bogota,15/09/2024,14.5
Medellin,15/09/2024,23.3
Cali,15/09/2024,29.4
Barranquilla,15/09/2024,29.8
Cartagena,15/09/2024,32.5
Bogota,16/09/2024,16.9
Medellin,16/09/2024,23.9
Cali,16/09/2024,29.5
Barranquilla,16/09/2024,33.4
Cartagena,16/09/2024,27.6
Bogota,17/09/2024,13.8
Medellin,17/09/2024,22.7
Cali,17/09/2024,25.2
Barranquilla,17/09/2024,29.9
Cartagena,17/09/2024,28.5
Bogota,18/09/2024,15.6
Medellin,18/09/2024,24.9
Cali,18/09/2024,29.0
Barranquilla,18/09/2024,30.7
Cartagena,18/09/2024,30.1
Bogota,19/09/2024,15.5
Medellin,19/09/2024,22.3
Cali,19/09/2024,29.0
Barranquilla,19/09/2024,29.5
Cartagena,19/09/2024,31.9
Bogota,20/09/2024,13.5
Medellin,20/09/2024,25.8
Cali,20/09/2024,28.0
Barranquilla,20/09/2024,32.2
Cartagena,20/09/2024,28.0
Bogota,21/09/2024,12.7
Medellin,21/09/2024,20.1
Cali,21/09/2024,25.3
Barranquilla,21/09/2024,31.4
Cartagena,21/09/2024,28.4
Bogota,22/09/2024,15.8
Medellin,22/09/2024,25.4
Cali,22/09/2024,28.7
Barranquilla,22/09/2024,32.6
Cartagena,22/09/2024,31.9
Bogota,23/09/2024,13.2
Medellin,23/09/2024,22.0
Cali,23/09/2024,26.0
Barranquilla,23/09/2024,32.9
Cartagena,23/09/2024,28.0
Bogota,24/09/2024,13.7
Medellin,24/09/2024,24.0
Cali,24/09/2024,28.7
Barranquilla,24/09/2024,30.7
Cartagena,24/09/2024,32.8
Bogota,25/09/2024,15.9
Medellin,25/09/2024,24.2
Cali,25/09/2024,26.4
Barranquilla,25/09/2024,29.1
Cartagena,25/09/2024,31.0
Bogota,26/09/2024,15.0
Medellin,26/09/2024,21.2
Cali,26/09/2024,24.1
Barranquilla,26/09/2024,33.8
Cartagena,26/09/2024,32.7
Bogota,27/09/2024,15.3
Medellin,27/09/2024,23.9
Cali,27/09/2024,26.6
Barranquilla,27/09/2024,28.7
Cartagena,27/09/2024,29.5
Bogota,28/09/2024,12.7
Medellin,28/09/2024,23.3
Cali,28/09/2024,26.8
Barranquilla,28/09/2024,31.5
Cartagena,28/09/2024,29.4
Bogota,29/09/2024,12.1
Medellin,29/09/2024,22.9
Cali,29/09/2024,28.8
Barranquilla,29/09/2024,30.4
Cartagena,29/09/2024,28.3
Bogota,30/09/2024,16.4
Medellin,30/09/2024,20.9
Cali,30/09/2024,26.7
Barranquilla,30/09/2024,28.5
Cartagena,30/09/2024,28.2
Bogota,01/10/2024,13.1
Medellin,01/10/2024,22.1
Cali,01/10/2024,26.9
Barranquilla,01/10/2024,30.7
Cartagena,01/10/2024,27.5
Bogota,02/10/2024,13.6
Medellin,02/10/2024,25.1
Cali,02/10/2024,25.1
Barranquilla,02/10/2024,30.9
Cartagena,02/10/2024,29.3
Bogota,03/10/2024,12.1
Medellin,03/10/2024,20.1
Cali,03/10/2024,24.4
Barranquilla,03/10/2024,31.7
Cartagena,03/10/2024,29.5
Bogota,04/10/2024,12.2
Medellin,04/10/2024,24.0
Cali,04/10/2024,25.9
Barranquilla,04/10/2024,33.8
Cartagena,04/10/2024,29.9
Bogota,05/10/2024,13.1
Medellin,05/10/2024,22.7
Cali,05/10/2024,26.6
Barranquilla,05/10/2024,31.9
Cartagena,05/10/2024,28.7
Bogota,06/10/2024,16.5
Medellin,06/10/2024,24.9
Cali,06/10/2024,29.8
Barranquilla,06/10/2024,29.9
Cartagena,06/10/2024,32.4
Bogota,07/10/2024,13.2
Medellin,07/10/2024,20.6
Cali,07/10/2024,26.0
Barranquilla,07/10/2024,32.7
Cartagena,07/10/2024,27.8
Bogota,08/10/2024,14.7
Medellin,08/10/2024,20.8
Cali,08/10/2024,27.0
Barranquilla,08/10/2024,28.2
Cartagena,08/10/2024,29.1
Bogota,09/10/2024,13.6
Medellin,09/10/2024,20.4
Cali,09/10/2024,25.0
Barranquilla,09/10/2024,33.2
Cartagena,09/10/2024,28.2
Bogota,10/10/2024,16.6
Medellin,10/10/2024,20.5
Cali,10/10/2024,29.7
Barranquilla,10/10/2024,32.0
Cartagena,10/10/2024,28.7
Bogota,11/10/2024,13.9
Medellin,11/10/2024,20.6
Cali,11/10/2024,27.4
Barranquilla,11/10/2024,30.5
Cartagena,11/10/2024,27.5
Bogota,12/10/2024,13.8
Medellin,12/10/2024,24.8
Cali,12/10/2024,24.6
Barranquilla,12/10/2024,30.0
Cartagena,12/10/2024,28.6
Bogota,13/10/2024,13.0
Medellin,13/10/2024,24.9
Cali,13/10/2024,27.3
Barranquilla,13/10/2024,33.1
Cartagena,13/10/2024,32.0
Bogota,14/10/2024,16.3
Medellin,14/10/2024,24.6
Cali,14/10/2024,25.9
Barranquilla,14/10/2024,32.7
Cartagena,14/10/2024,31.8
Bogota,15/10/2024,16.2
Medellin,15/10/2024,23.6
Cali,15/10/2024,27.3
Barranquilla,15/10/2024,28.6
Cartagena,15/10/2024,31.5
Bogota,16/10/2024,13.8
Medellin,16/10/2024,23.5
Cali,16/10/2024,24.9
Barranquilla,16/10/2024,30.6
Cartagena,16/10/2024,32.3
Bogota,17/10/2024,14.8
Medellin,17/10/2024,20.3
Cali,17/10/2024,24.2
Barranquilla,17/10/2024,32.7
Cartagena,17/10/2024,32.6
Bogota,18/10/2024,14.2
Medellin,18/10/2024,22.0
Cali,18/10/2024,25.9
Barranquilla,18/10/2024,33.8
Cartagena,18/10/2024,32.5
Bogota,19/10/2024,12.0
Medellin,19/10/2024,25.3
Cali,19/10/2024,30.0
Barranquilla,19/10/2024,28.8
Cartagena,19/10/2024,27.4
Bogota,20/10/2024,13.4
Medellin,20/10/2024,24.6
Cali,20/10/2024,24.8
Barranquilla,20/10/2024,32.0
Cartagena,20/10/2024,29.3
Bogota,21/10/2024,16.0
Medellin,21/10/2024,22.1
Cali,21/10/2024,24.5
Barranquilla,21/10/2024,31.2
Cartagena,21/10/2024,30.9
Bogota,22/10/2024,14.2
Medellin,22/10/2024,21.1
Cali,22/10/2024,29.3
Barranquilla,22/10/2024,30.7
Cartagena,22/10/2024,27.1
Bogota,23/10/2024,14.6
Medellin,23/10/2024,20.9
Cali,23/10/2024,25.9
Barranquilla,23/10/2024,31.5
Cartagena,23/10/2024,31.1
Bogota,24/10/2024,16.6
Medellin,24/10/2024,25.8
Cali,24/10/2024,28.3
Barranquilla,24/10/2024,28.0
Cartagena,24/10/2024,28.3
Bogota,25/10/2024,14.8
Medellin,25/10/2024,25.3
Cali,25/10/2024,27.6
Barranquilla,25/10/2024,32.1
Cartagena,25/10/2024,29.2
Bogota,26/10/2024,13.2
Medellin,26/10/2024,20.1
Cali,26/10/2024,27.4
Barranquilla,26/10/2024,33.5
Cartagena,26/10/2024,31.6
Bogota,27/10/2024,16.8
Medellin,27/10/2024,23.2
Cali,27/10/2024,29.8
Barranquilla,27/10/2024,29.4
Cartagena,27/10/2024,27.1
Bogota,28/10/2024,16.5
Medellin,28/10/2024,21.3
Cali,28/10/2024,24.1
Barranquilla,28/10/2024,32.5
Cartagena,28/10/2024,32.6
Bogota,29/10/2024,15.7
Medellin,29/10/2024,22.1
Cali,29/10/2024,25.4
Barranquilla,29/10/2024,31.6
Cartagena,29/10/2024,29.7
Bogota,30/10/2024,13.7
Medellin,30/10/2024,20.7
Cali,30/10/2024,28.0
Barranquilla,30/10/2024,31.9
Cartagena,30/10/2024,28.5
Bogota,31/10/2024,16.0
Medellin,31/10/2024,22.9
Cali,31/10/2024,29.0
Barranquilla,31/10/2024,33.6
Cartagena,31/10/2024,32.6
Bogota,01/11/2024,13.8
Medellin,01/11/2024,25.2
Cali,01/11/2024,27.7
Barranquilla,01/11/2024,30.6
Cartagena,01/11/2024,28.1
Bogota,02/11/2024,16.9
Medellin,02/11/2024,23.7
Cali,02/11/2024,28.6
Barranquilla,02/11/2024,28.5
Cartagena,02/11/2024,31.2
Bogota,03/11/2024,12.2
Medellin,03/11/2024,21.5
Cali,03/11/2024,29.5
Barranquilla,03/11/2024,33.5
Cartagena,03/11/2024,27.2
Bogota,04/11/2024,12.3
Medellin,04/11/2024,24.7
Cali,04/11/2024,29.9
Barranquilla,04/11/2024,30.6
Cartagena,04/11/2024,27.1
Bogota,05/11/2024,15.5
Medellin,05/11/2024,24.1
Cali,05/11/2024,29.4
Barranquilla,05/11/2024,30.8
Cartagena,05/11/2024,27.7
Bogota,06/11/2024,17.0
Medellin,06/11/2024,22.4
Cali,06/11/2024,26.6
Barranquilla,06/11/2024,28.4
Cartagena,06/11/2024,28.5
Bogota,07/11/2024,15.9
Medellin,07/11/2024,26.0
Cali,07/11/2024,28.3
Barranquilla,07/11/2024,29.9
Cartagena,07/11/2024,27.4
Bogota,08/11/2024,15.5
Medellin,08/11/2024,20.5
Cali,08/11/2024,26.6
Barranquilla,08/11/2024,28.3
Cartagena,08/11/2024,29.2
Bogota,09/11/2024,14.5
Medellin,09/11/2024,20.6
Cali,09/11/2024,24.2
Barranquilla,09/11/2024,29.9
Cartagena,09/11/2024,32.1
Bogota,10/11/2024,13.1
Medellin,10/11/2024,25.9
Cali,10/11/2024,24.3
Barranquilla,10/11/2024,30.7
Cartagena,10/11/2024,27.6
Bogota,11/11/2024,15.2
Medellin,11/11/2024,25.5
Cali,11/11/2024,25.3
Barranquilla,11/11/2024,29.7
Cartagena,11/11/2024,27.7
Bogota,12/11/2024,12.1
Medellin,12/11/2024,21.7
Cali,12/11/2024,26.5
Barranquilla,12/11/2024,30.3
Cartagena,12/11/2024,31.2
Bogota,13/11/2024,14.7
Medellin,13/11/2024,22.0
Cali,13/11/2024,24.7
Barranquilla,13/11/2024,32.9
Cartagena,13/11/2024,27.9
Bogota,14/11/2024,15.9
Medellin,14/11/2024,25.1
Cali,14/11/2024,29.1
Barranquilla,14/11/2024,32.4
Cartagena,14/11/2024,31.2
Bogota,15/11/2024,16.0
Medellin,15/11/2024,24.1
Cali,15/11/2024,28.6
Barranquilla,15/11/2024,29.9
Cartagena,15/11/2024,27.9
Bogota,16/11/2024,14.5
Medellin,16/11/2024,20.5
Cali,16/11/2024,26.6
Barranquilla,16/11/2024,28.7
Cartagena,16/11/2024,27.5
Bogota,17/11/2024,16.6
Medellin,17/11/2024,25.4
Cali,17/11/2024,26.1
Barranquilla,17/11/2024,32.4
Cartagena,17/11/2024,31.7
Bogota,18/11/2024,17.0
Medellin,18/11/2024,25.8
Cali,18/11/2024,25.3
Barranquilla,18/11/2024,31.0
Cartagena,18/11/2024,30.5
Bogota,19/11/2024,14.6
Medellin,19/11/2024,24.0
Cali,19/11/2024,29.5
Barranquilla,19/11/2024,29.1
Cartagena,19/11/2024,28.0
Bogota,20/11/2024,13.9
Medellin,20/11/2024,21.9
Cali,20/11/2024,26.6
Barranquilla,20/11/2024,30.9
Cartagena,20/11/2024,28.8
Bogota,21/11/2024,12.5
Medellin,21/11/2024,23.6
Cali,21/11/2024,25.8
Barranquilla,21/11/2024,32.6
Cartagena,21/11/2024,31.4
Bogota,22/11/2024,16.4
Medellin,22/11/2024,23.3
Cali,22/11/2024,30.0
Barranquilla,22/11/2024,31.0
Cartagena,22/11/2024,27.7
Bogota,23/11/2024,14.4
Medellin,23/11/2024,20.6
Cali,23/11/2024,28.4
Barranquilla,23/11/2024,29.4
Cartagena,23/11/2024,31.5
Bogota,24/11/2024,16.8
Medellin,24/11/2024,21.6
Cali,24/11/2024,28.0
Barranquilla,24/11/2024,32.5
Cartagena,24/11/2024,27.0
Bogota,25/11/2024,13.8
Medellin,25/11/2024,20.3
Cali,25/11/2024,26.6
Barranquilla,25/11/2024,29.3
Cartagena,25/11/2024,30.4
Bogota,26/11/2024,15.2
Medellin,26/11/2024,25.7
Cali,26/11/2024,24.6
Barranquilla,26/11/2024,31.8
Cartagena,26/11/2024,31.2
Bogota,27/11/2024,16.9
Medellin,27/11/2024,23.0
Cali,27/11/2024,27.9
Barranquilla,27/11/2024,31.7
Cartagena,27/11/2024,27.7
Bogota,28/11/2024,12.6
Medellin,28/11/2024,23.2
Cali,28/11/2024,25.2
Barranquilla,28/11/2024,33.4
Cartagena,28/11/2024,29.3
Bogota,29/11/2024,14.7
Medellin,29/11/2024,23.4
Cali,29/11/2024,29.7
Barranquilla,29/11/2024,33.8
Cartagena,29/11/2024,28.4
Bogota,30/11/2024,15.5
Medellin,30/11/2024,25.0
Cali,30/11/2024,26.9
Barranquilla,30/11/2024,29.9
Cartagena,30/11/2024,29.1
Bogota,01/12/2024,13.5
Medellin,01/12/2024,21.8
Cali,01/12/2024,24.8
Barranquilla,01/12/2024,30.7
Cartagena,01/12/2024,27.4
Bogota,02/12/2024,14.1
Medellin,02/12/2024,22.1
Cali,02/12/2024,24.5
Barranquilla,02/12/2024,33.0
Cartagena,02/12/2024,30.9
Bogota,03/12/2024,16.8
Medellin,03/12/2024,21.0
Cali,03/12/2024,25.6
Barranquilla,03/12/2024,28.7
Cartagena,03/12/2024,27.9
Bogota,04/12/2024,16.9
Medellin,04/12/2024,21.5
Cali,04/12/2024,26.8
Barranquilla,04/12/2024,28.0
Cartagena,04/12/2024,31.8
Bogota,05/12/2024,14.0
Medellin,05/12/2024,21.1
Cali,05/12/2024,28.7
Barranquilla,05/12/2024,31.8
Cartagena,05/12/2024,31.9
Bogota,06/12/2024,15.9
Medellin,06/12/2024,21.1
Cali,06/12/2024,27.1
Barranquilla,06/12/2024,33.5
Cartagena,06/12/2024,27.2
Bogota,07/12/2024,15.2
Medellin,07/12/2024,22.9
Cali,07/12/2024,27.3
Barranquilla,07/12/2024,30.7
Cartagena,07/12/2024,28.1
Bogota,08/12/2024,14.1
Medellin,08/12/2024,24.1
Cali,08/12/2024,25.1
Barranquilla,08/12/2024,30.9
Cartagena,08/12/2024,32.2
Bogota,09/12/2024,13.7
Medellin,09/12/2024,21.2
Cali,09/12/2024,28.5
Barranquilla,09/12/2024,30.6
Cartagena,09/12/2024,32.1
Bogota,10/12/2024,16.2
Medellin,10/12/2024,24.5
Cali,10/12/2024,27.0
Barranquilla,10/12/2024,29.6
Cartagena,10/12/2024,32.9
Bogota,11/12/2024,12.6
Medellin,11/12/2024,20.6
Cali,11/12/2024,24.1
Barranquilla,11/12/2024,33.9
Cartagena,11/12/2024,31.9
Bogota,12/12/2024,12.5
Medellin,12/12/2024,23.9
Cali,12/12/2024,29.2
Barranquilla,12/12/2024,31.4
Cartagena,12/12/2024,30.1
Bogota,13/12/2024,16.3
Medellin,13/12/2024,22.8
Cali,13/12/2024,24.5
Barranquilla,13/12/2024,33.3
Cartagena,13/12/2024,27.8
Bogota,14/12/2024,16.8
Medellin,14/12/2024,23.1
Cali,14/12/2024,29.6
Barranquilla,14/12/2024,32.9
Cartagena,14/12/2024,31.5
Bogota,15/12/2024,13.3
Medellin,15/12/2024,23.2
Cali,15/12/2024,27.1
Barranquilla,15/12/2024,31.9
Cartagena,15/12/2024,28.3
Bogota,16/12/2024,14.8
Medellin,16/12/2024,21.0
Cali,16/12/2024,25.8
Barranquilla,16/12/2024,32.6
Cartagena,16/12/2024,29.4
Bogota,17/12/2024,14.1
Medellin,17/12/2024,20.9
Cali,17/12/2024,27.1
Barranquilla,17/12/2024,33.7
Cartagena,17/12/2024,28.8
Bogota,18/12/2024,13.6
Medellin,18/12/2024,21.5
Cali,18/12/2024,28.8
Barranquilla,18/12/2024,29.5
Cartagena,18/12/2024,28.7
Bogota,19/12/2024,13.1
Medellin,19/12/2024,24.2
Cali,19/12/2024,28.5
Barranquilla,19/12/2024,28.4
Cartagena,19/12/2024,31.3
Bogota,20/12/2024,15.5
Medellin,20/12/2024,22.2
Cali,20/12/2024,27.4
Barranquilla,20/12/2024,31.3
Cartagena,20/12/2024,30.5
Bogota,21/12/2024,12.6
Medellin,21/12/2024,22.3
Cali,21/12/2024,28.5
Barranquilla,21/12/2024,33.1
Cartagena,21/12/2024,31.9
Bogota,22/12/2024,15.5
Medellin,22/12/2024,25.6
Cali,22/12/2024,24.8
Barranquilla,22/12/2024,34.0
Cartagena,22/12/2024,32.2
Bogota,23/12/2024,14.8
Medellin,23/12/2024,25.2
Cali,23/12/2024,27.2
Barranquilla,23/12/2024,29.4
Cartagena,23/12/2024,32.6
Bogota,24/12/2024,16.6
Medellin,24/12/2024,21.6
Cali,24/12/2024,28.5
Barranquilla,24/12/2024,31.9
Cartagena,24/12/2024,31.4
Bogota,25/12/2024,15.5
Medellin,25/12/2024,24.9
Cali,25/12/2024,28.2
Barranquilla,25/12/2024,29.8
Cartagena,25/12/2024,30.3
Bogota,26/12/2024,13.1
Medellin,26/12/2024,23.4
Cali,26/12/2024,25.3
Barranquilla,26/12/2024,30.5
Cartagena,26/12/2024,28.9
Bogota,27/12/2024,16.8
Medellin,27/12/2024,24.4
Cali,27/12/2024,24.7
Barranquilla,27/12/2024,29.2
Cartagena,27/12/2024,32.5
Bogota,28/12/2024,15.6
Medellin,28/12/2024,22.7
Cali,28/12/2024,28.3
Barranquilla,28/12/2024,33.3
Cartagena,28/12/2024,28.7
Bogota,29/12/2024,16.7
Medellin,29/12/2024,25.1
Cali,29/12/2024,25.8
Barranquilla,29/12/2024,29.9
Cartagena,29/12/2024,29.5
Bogota,30/12/2024,15.0
Medellin,30/12/2024,23.8
Cali,30/12/2024,27.4
Barranquilla,30/12/2024,32.3
Cartagena,30/12/2024,31.5
Bogota,31/12/2024,13.5
Medellin,31/12/2024,22.5
Cali,31/12/2024,25.9
Barranquilla,31/12/2024,30.0
Cartagena,31/12/2024,29.4
Bogota,01/01/2025,14.0
Medellin,01/01/2025,23.7
Cali,01/01/2025,26.1
Barranquilla,01/01/2025,28.1
Cartagena,01/01/2025,31.3
Bogota,02/01/2025,16.5
Medellin,02/01/2025,25.0
Cali,02/01/2025,26.7
Barranquilla,02/01/2025,28.2
Cartagena,02/01/2025,32.4
Bogota,03/01/2025,12.7
Medellin,03/01/2025,22.4
Cali,03/01/2025,26.0
Barranquilla,03/01/2025,33.3
Cartagena,03/01/2025,30.0
Bogota,04/01/2025,16.1
Medellin,04/01/2025,22.2
Cali,04/01/2025,26.6
Barranquilla,04/01/2025,29.1
Cartagena,04/01/2025,30.0
Bogota,05/01/2025,14.0
Medellin,05/01/2025,20.6
Cali,05/01/2025,26.7
Barranquilla,05/01/2025,28.8
Cartagena,05/01/2025,32.9
Bogota,06/01/2025,12.7
Medellin,06/01/2025,20.0
Cali,06/01/2025,29.3
Barranquilla,06/01/2025,32.1
Cartagena,06/01/2025,30.9
Bogota,07/01/2025,13.1
Medellin,07/01/2025,25.7
Cali,07/01/2025,27.8
Barranquilla,07/01/2025,32.0
Cartagena,07/01/2025,29.6
Bogota,08/01/2025,14.3
Medellin,08/01/2025,24.6
Cali,08/01/2025,24.5
Barranquilla,08/01/2025,29.7
Cartagena,08/01/2025,29.3
Bogota,09/01/2025,16.7
Medellin,09/01/2025,20.7
Cali,09/01/2025,25.2
Barranquilla,09/01/2025,32.0
Cartagena,09/01/2025,30.9
Bogota,10/01/2025,14.4
Medellin,10/01/2025,24.1
Cali,10/01/2025,26.8
Barranquilla,10/01/2025,32.1
Cartagena,10/01/2025,28.7
Bogota,11/01/2025,14.1
Medellin,11/01/2025,21.1
Cali,11/01/2025,29.6
Barranquilla,11/01/2025,29.8
Cartagena,11/01/2025,31.8
Bogota,12/01/2025,14.8
Medellin,12/01/2025,23.9
Cali,12/01/2025,29.0
Barranquilla,12/01/2025,28.8
Cartagena,12/01/2025,30.0
Bogota,13/01/2025,16.0
Medellin,13/01/2025,22.2
Cali,13/01/2025,28.9
Barranquilla,13/01/2025,32.4
Cartagena,13/01/2025,29.9
Bogota,14/01/2025,12.8
Medellin,14/01/2025,25.2
Cali,14/01/2025,24.1
Barranquilla,14/01/2025,32.8
Cartagena,14/01/2025,29.9
Bogota,15/01/2025,13.0
Medellin,15/01/2025,21.0
Cali,15/01/2025,29.8
Barranquilla,15/01/2025,30.0
Cartagena,15/01/2025,32.5
Bogota,16/01/2025,14.3
Medellin,16/01/2025,24.4
Cali,16/01/2025,25.6
Barranquilla,16/01/2025,33.9
Cartagena,16/01/2025,27.5
Bogota,17/01/2025,13.6
Medellin,17/01/2025,26.0
Cali,17/01/2025,25.5
Barranquilla,17/01/2025,31.3
Cartagena,17/01/2025,28.2
Bogota,18/01/2025,15.9
Medellin,18/01/2025,24.5
Cali,18/01/2025,28.4
Barranquilla,18/01/2025,28.6
Cartagena,18/01/2025,31.0
Bogota,19/01/2025,15.2
Medellin,19/01/2025,23.7
Cali,19/01/2025,27.1
Barranquilla,19/01/2025,32.7
Cartagena,19/01/2025,31.4
Bogota,20/01/2025,16.6
Medellin,20/01/2025,20.4
Cali,20/01/2025,28.6
Barranquilla,20/01/2025,33.9
Cartagena,20/01/2025,27.1
Bogota,21/01/2025,12.4
Medellin,21/01/2025,24.7
Cali,21/01/2025,26.9
Barranquilla,21/01/2025,32.6
Cartagena,21/01/2025,29.0
Bogota,22/01/2025,14.4
Medellin,22/01/2025,21.6
Cali,22/01/2025,25.9
Barranquilla,22/01/2025,33.3
Cartagena,22/01/2025,30.1
Bogota,23/01/2025,15.6
Medellin,23/01/2025,25.2
Cali,23/01/2025,24.9
Barranquilla,23/01/2025,30.8
Cartagena,23/01/2025,27.1
Bogota,24/01/2025,15.9
Medellin,24/01/2025,23.4
Cali,24/01/2025,24.9
Barranquilla,24/01/2025,31.4
Cartagena,24/01/2025,27.8
Bogota,25/01/2025,12.1
Medellin,25/01/2025,23.7
Cali,25/01/2025,26.3
Barranquilla,25/01/2025,30.6
Cartagena,25/01/2025,27.4
Bogota,26/01/2025,15.2
Medellin,26/01/2025,23.7
Cali,26/01/2025,28.7
Barranquilla,26/01/2025,33.1
Cartagena,26/01/2025,29.1
Bogota,27/01/2025,15.3
Medellin,27/01/2025,25.1
Cali,27/01/2025,26.0
Barranquilla,27/01/2025,29.8
Cartagena,27/01/2025,29.0
Bogota,28/01/2025,13.3
Medellin,28/01/2025,20.6
Cali,28/01/2025,26.2
Barranquilla,28/01/2025,32.7
Cartagena,28/01/2025,29.9
Bogota,29/01/2025,13.8
Medellin,29/01/2025,24.0
Cali,29/01/2025,27.0
Barranquilla,29/01/2025,28.8
Cartagena,29/01/2025,29.0
Bogota,30/01/2025,13.7
Medellin,30/01/2025,25.0
Cali,30/01/2025,29.0
Barranquilla,30/01/2025,32.3
Cartagena,30/01/2025,30.0
Bogota,31/01/2025,15.5
Medellin,31/01/2025,20.2
Cali,31/01/2025,28.5
Barranquilla,31/01/2025,29.5
Cartagena,31/01/2025,28.9
Bogota,01/02/2025,15.5
Medellin,01/02/2025,21.4
Cali,01/02/2025,29.7
Barranquilla,01/02/2025,31.2
Cartagena,01/02/2025,30.8
Bogota,02/02/2025,12.4
Medellin,02/02/2025,23.9
Cali,02/02/2025,27.1
Barranquilla,02/02/2025,30.4
Cartagena,02/02/2025,30.6
Bogota,03/02/2025,12.6
Medellin,03/02/2025,21.7
Cali,03/02/2025,28.5
Barranquilla,03/02/2025,32.4
Cartagena,03/02/2025,28.7
Bogota,04/02/2025,13.8
Medellin,04/02/2025,20.4
Cali,04/02/2025,24.9
Barranquilla,04/02/2025,31.0
Cartagena,04/02/2025,27.7
Bogota,05/02/2025,15.2
Medellin,05/02/2025,20.2
Cali,05/02/2025,27.8
Barranquilla,05/02/2025,29.7
Cartagena,05/02/2025,27.6
Bogota,06/02/2025,13.6
Medellin,06/02/2025,25.5
Cali,06/02/2025,24.8
Barranquilla,06/02/2025,32.4
Cartagena,06/02/2025,29.8
Bogota,07/02/2025,14.5
Medellin,07/02/2025,21.3
Cali,07/02/2025,27.1
Barranquilla,07/02/2025,33.1
Cartagena,07/02/2025,28.8
Bogota,08/02/2025,16.9
Medellin,08/02/2025,23.9
Cali,08/02/2025,25.2
Barranquilla,08/02/2025,29.6
Cartagena,08/02/2025,28.3
Bogota,09/02/2025,13.7
Medellin,09/02/2025,23.4
Cali,09/02/2025,24.1
Barranquilla,09/02/2025,28.2
Cartagena,09/02/2025,29.1
Bogota,10/02/2025,12.2
Medellin,10/02/2025,21.2
Cali,10/02/2025,26.7
Barranquilla,10/02/2025,33.1
Cartagena,10/02/2025,28.2
Bogota,11/02/2025,14.1
Medellin,11/02/2025,21.7
Cali,11/02/2025,28.0
Barranquilla,11/02/2025,33.8
Cartagena,11/02/2025,28.5
Bogota,12/02/2025,15.6
Medellin,12/02/2025,24.4
Cali,12/02/2025,26.3
Barranquilla,12/02/2025,30.5
Cartagena,12/02/2025,31.8
Bogota,13/02/2025,12.1
Medellin,13/02/2025,22.3
Cali,13/02/2025,29.3
Barranquilla,13/02/2025,29.9
Cartagena,13/02/2025,27.6
Bogota,14/02/2025,12.8
Medellin,14/02/2025,25.7
Cali,14/02/2025,24.5
Barranquilla,14/02/2025,30.0
Cartagena,14/02/2025,32.2
Bogota,15/02/2025,15.3
Medellin,15/02/2025,22.5
Cali,15/02/2025,28.5
Barranquilla,15/02/2025,33.1
Cartagena,15/02/2025,27.8
Bogota,16/02/2025,13.3
Medellin,16/02/2025,21.7
Cali,16/02/2025,26.6
Barranquilla,16/02/2025,31.0
Cartagena,16/02/2025,28.7
Bogota,17/02/2025,14.4
Medellin,17/02/2025,21.2
Cali,17/02/2025,24.4
Barranquilla,17/02/2025,33.2
Cartagena,17/02/2025,32.6
Bogota,18/02/2025,13.4
Medellin,18/02/2025,25.2
Cali,18/02/2025,26.8
Barranquilla,18/02/2025,29.6
Cartagena,18/02/2025,28.0
Bogota,19/02/2025,13.7
Medellin,19/02/2025,21.4
Cali,19/02/2025,29.8
Barranquilla,19/02/2025,32.2
Cartagena,19/02/2025,31.1
Bogota,20/02/2025,13.4
Medellin,20/02/2025,20.7
Cali,20/02/2025,25.4
Barranquilla,20/02/2025,33.4
Cartagena,20/02/2025,31.6
Bogota,21/02/2025,12.4
Medellin,21/02/2025,20.2
Cali,21/02/2025,29.8
Barranquilla,21/02/2025,30.3
Cartagena,21/02/2025,28.2
Bogota,22/02/2025,15.7
Medellin,22/02/2025,20.0
Cali,22/02/2025,25.5
Barranquilla,22/02/2025,28.5
Cartagena,22/02/2025,28.3
Bogota,23/02/2025,16.5
Medellin,23/02/2025,20.3
Cali,23/02/2025,28.8
Barranquilla,23/02/2025,32.7
Cartagena,23/02/2025,28.1
Bogota,24/02/2025,17.0
Medellin,24/02/2025,22.0
Cali,24/02/2025,24.0
Barranquilla,24/02/2025,32.9
Cartagena,24/02/2025,32.0
Bogota,25/02/2025,13.4
Medellin,25/02/2025,24.4
Cali,25/02/2025,27.6
Barranquilla,25/02/2025,31.4
Cartagena,25/02/2025,31.4
Bogota,26/02/2025,13.2
Medellin,26/02/2025,22.9
Cali,26/02/2025,28.4
Barranquilla,26/02/2025,28.9
Cartagena,26/02/2025,28.8
Bogota,27/02/2025,13.3
Medellin,27/02/2025,21.6
Cali,27/02/2025,29.6
Barranquilla,27/02/2025,28.5
Cartagena,27/02/2025,31.0
Bogota,28/02/2025,12.3
Medellin,28/02/2025,21.9
Cali,28/02/2025,28.3
Barranquilla,28/02/2025,33.3
Cartagena,28/02/2025,31.0
Bogota,01/03/2025,12.3
Medellin,01/03/2025,23.3
Cali,01/03/2025,29.6
Barranquilla,01/03/2025,32.4
Cartagena,01/03/2025,30.5
Bogota,02/03/2025,15.1
Medellin,02/03/2025,21.5
Cali,02/03/2025,26.0
Barranquilla,02/03/2025,32.9
Cartagena,02/03/2025,32.8
Bogota,03/03/2025,15.2
Medellin,03/03/2025,21.4
Cali,03/03/2025,24.3
Barranquilla,03/03/2025,33.8
Cartagena,03/03/2025,31.3
Bogota,04/03/2025,14.0
Medellin,04/03/2025,24.0
Cali,04/03/2025,25.2
Barranquilla,04/03/2025,32.6
Cartagena,04/03/2025,30.8
Bogota,05/03/2025,14.5
Medellin,05/03/2025,24.4
Cali,05/03/2025,29.2
Barranquilla,05/03/2025,32.5
Cartagena,05/03/2025,28.5
Bogota,06/03/2025,15.2
Medellin,06/03/2025,21.9
Cali,06/03/2025,24.2
Barranquilla,06/03/2025,34.0
Cartagena,06/03/2025,31.4
Bogota,07/03/2025,14.8
Medellin,07/03/2025,20.5
Cali,07/03/2025,28.7
Barranquilla,07/03/2025,34.0
Cartagena,07/03/2025,27.1
Bogota,08/03/2025,13.1
Medellin,08/03/2025,21.3
Cali,08/03/2025,29.1
Barranquilla,08/03/2025,31.4
Cartagena,08/03/2025,32.1
Bogota,09/03/2025,15.9
Medellin,09/03/2025,24.0
Cali,09/03/2025,24.6
Barranquilla,09/03/2025,28.2
Cartagena,09/03/2025,32.2
Bogota,10/03/2025,16.0
Medellin,10/03/2025,25.6
Cali,10/03/2025,26.7
Barranquilla,10/03/2025,31.7
Cartagena,10/03/2025,29.0
Bogota,11/03/2025,15.0
Medellin,11/03/2025,24.0
Cali,11/03/2025,27.7
Barranquilla,11/03/2025,31.6
Cartagena,11/03/2025,32.7
Bogota,12/03/2025,12.3
Medellin,12/03/2025,23.3
Cali,12/03/2025,26.8
Barranquilla,12/03/2025,33.8
Cartagena,12/03/2025,32.9
Bogota,13/03/2025,15.1
Medellin,13/03/2025,20.0
Cali,13/03/2025,28.6
Barranquilla,13/03/2025,30.6
Cartagena,13/03/2025,29.8
Bogota,14/03/2025,16.4
Medellin,14/03/2025,21.5
Cali,14/03/2025,25.5
Barranquilla,14/03/2025,31.6
Cartagena,14/03/2025,30.9
Bogota,15/03/2025,16.7
Medellin,15/03/2025,21.8
Cali,15/03/2025,25.8
Barranquilla,15/03/2025,32.4
Cartagena,15/03/2025,28.1
Bogota,16/03/2025,16.6
Medellin,16/03/2025,24.9
Cali,16/03/2025,25.1
Barranquilla,16/03/2025,31.2
Cartagena,16/03/2025,27.3
Bogota,17/03/2025,14.6
Medellin,17/03/2025,21.2
Cali,17/03/2025,26.2
Barranquilla,17/03/2025,28.2
Cartagena,17/03/2025,30.9
Bogota,18/03/2025,16.1
Medellin,18/03/2025,21.5
Cali,18/03/2025,28.3
Barranquilla,18/03/2025,32.5
Cartagena,18/03/2025,32.2
Bogota,19/03/2025,16.2
Medellin,19/03/2025,23.5
Cali,19/03/2025,29.4
Barranquilla,19/03/2025,32.4
Cartagena,19/03/2025,30.2
Bogota,20/03/2025,15.3
Medellin,20/03/2025,25.6
Cali,20/03/2025,27.6
Barranquilla,20/03/2025,31.6
Cartagena,20/03/2025,28.1
Bogota,21/03/2025,12.0
Medellin,21/03/2025,23.8
Cali,21/03/2025,25.0
Barranquilla,21/03/2025,29.7
Cartagena,21/03/2025,27.0
Bogota,22/03/2025,15.0
Medellin,22/03/2025,23.5
Cali,22/03/2025,25.6
Barranquilla,22/03/2025,32.9
Cartagena,22/03/2025,32.9
Bogota,23/03/2025,12.1
Medellin,23/03/2025,22.1
Cali,23/03/2025,29.3
Barranquilla,23/03/2025,31.4
Cartagena,23/03/2025,29.9
Bogota,24/03/2025,12.6
Medellin,24/03/2025,20.4
Cali,24/03/2025,26.5
Barranquilla,24/03/2025,31.6
Cartagena,24/03/2025,32.1
Bogota,25/03/2025,13.3
Medellin,25/03/2025,20.1
Cali,25/03/2025,27.0
Barranquilla,25/03/2025,30.7
Cartagena,25/03/2025,29.3
Bogota,26/03/2025,16.6
Medellin,26/03/2025,24.1
Cali,26/03/2025,29.1
Barranquilla,26/03/2025,33.9
Cartagena,26/03/2025,32.0
Bogota,27/03/2025,12.7
Medellin,27/03/2025,22.8
Cali,27/03/2025,27.4
Barranquilla,27/03/2025,28.9
Cartagena,27/03/2025,32.0
Bogota,28/03/2025,15.6
Medellin,28/03/2025,25.2
Cali,28/03/2025,29.7
Barranquilla,28/03/2025,31.0
Cartagena,28/03/2025,32.2
Bogota,29/03/2025,16.6
Medellin,29/03/2025,22.8
Cali,29/03/2025,27.1
Barranquilla,29/03/2025,32.1
Cartagena,29/03/2025,27.4
Bogota,30/03/2025,15.9
Medellin,30/03/2025,21.8
Cali,30/03/2025,27.2
Barranquilla,30/03/2025,28.5
Cartagena,30/03/2025,31.9
Bogota,31/03/2025,12.8
Medellin,31/03/2025,24.2
Cali,31/03/2025,25.4
Barranquilla,31/03/2025,28.6
Cartagena,31/03/2025,32.4
Bogota,01/04/2025,14.1
Medellin,01/04/2025,22.0
Cali,01/04/2025,26.7
Barranquilla,01/04/2025,33.9
Cartagena,01/04/2025,32.6
Bogota,02/04/2025,13.9
Medellin,02/04/2025,25.0
Cali,02/04/2025,24.9
Barranquilla,02/04/2025,31.9
Cartagena,02/04/2025,29.7
Bogota,03/04/2025,15.9
Medellin,03/04/2025,22.8
Cali,03/04/2025,27.3
Barranquilla,03/04/2025,30.0
Cartagena,03/04/2025,28.9
Bogota,04/04/2025,14.1
Medellin,04/04/2025,21.5
Cali,04/04/2025,29.3
Barranquilla,04/04/2025,32.7
Cartagena,04/04/2025,32.5
Bogota,05/04/2025,16.9
Medellin,05/04/2025,22.9
Cali,05/04/2025,28.5
Barranquilla,05/04/2025,28.9
Cartagena,05/04/2025,29.2
Bogota,06/04/2025,14.4
Medellin,06/04/2025,25.3
Cali,06/04/2025,28.5
Barranquilla,06/04/2025,33.5
Cartagena,06/04/2025,30.1
Bogota,07/04/2025,12.4
Medellin,07/04/2025,24.7
Cali,07/04/2025,25.3
Barranquilla,07/04/2025,30.0
Cartagena,07/04/2025,31.2
Bogota,08/04/2025,16.7
Medellin,08/04/2025,24.3
Cali,08/04/2025,25.5
Barranquilla,08/04/2025,30.6
Cartagena,08/04/2025,31.1
Bogota,09/04/2025,12.5
Medellin,09/04/2025,22.2
Cali,09/04/2025,29.6
Barranquilla,09/04/2025,34.0
Cartagena,09/04/2025,28.3
Bogota,10/04/2025,12.4
Medellin,10/04/2025,22.2
Cali,10/04/2025,30.0
Barranquilla,10/04/2025,29.5
Cartagena,10/04/2025,32.6
Bogota,11/04/2025,15.5
Medellin,11/04/2025,23.4
Cali,11/04/2025,27.4
Barranquilla,11/04/2025,33.3
Cartagena,11/04/2025,30.5
Bogota,12/04/2025,15.5
Medellin,12/04/2025,24.4
Cali,12/04/2025,26.3
Barranquilla,12/04/2025,32.3
Cartagena,12/04/2025,30.6
Bogota,13/04/2025,13.6
Medellin,13/04/2025,20.1
Cali,13/04/2025,28.2
Barranquilla,13/04/2025,33.4
Cartagena,13/04/2025,29.7
Bogota,14/04/2025,15.2
Medellin,14/04/2025,24.0
Cali,14/04/2025,28.5
Barranquilla,14/04/2025,28.3
Cartagena,14/04/2025,31.5
Bogota,15/04/2025,13.4
Medellin,15/04/2025,22.5
Cali,15/04/2025,25.8
Barranquilla,15/04/2025,33.6
Cartagena,15/04/2025,29.8
Bogota,16/04/2025,15.5
Medellin,16/04/2025,24.6
Cali,16/04/2025,28.1
Barranquilla,16/04/2025,32.4
Cartagena,16/04/2025,30.1
Bogota,17/04/2025,15.8
Medellin,17/04/2025,20.3
Cali,17/04/2025,28.7
Barranquilla,17/04/2025,30.0
Cartagena,17/04/2025,30.3
Bogota,18/04/2025,12.2
Medellin,18/04/2025,20.7
Cali,18/04/2025,24.9
Barranquilla,18/04/2025,29.7
Cartagena,18/04/2025,31.0
Bogota,19/04/2025,16.5
Medellin,19/04/2025,23.2
Cali,19/04/2025,27.9
Barranquilla,19/04/2025,30.1
Cartagena,19/04/2025,30.2
Bogota,20/04/2025,12.9
Medellin,20/04/2025,24.1
Cali,20/04/2025,28.7
Barranquilla,20/04/2025,30.6
Cartagena,20/04/2025,32.5
Bogota,21/04/2025,16.6
Medellin,21/04/2025,24.4
Cali,21/04/2025,29.8
Barranquilla,21/04/2025,29.8
Cartagena,21/04/2025,31.7
Bogota,22/04/2025,15.3
Medellin,22/04/2025,25.9
Cali,22/04/2025,28.4
Barranquilla,22/04/2025,31.5
Cartagena,22/04/2025,27.6
Bogota,23/04/2025,12.4
Medellin,23/04/2025,24.3
Cali,23/04/2025,29.7
Barranquilla,23/04/2025,31.6
Cartagena,23/04/2025,32.1
Bogota,24/04/2025,12.9
Medellin,24/04/2025,25.2
Cali,24/04/2025,24.9
Barranquilla,24/04/2025,33.1
Cartagena,24/04/2025,32.5
Bogota,25/04/2025,15.2
Medellin,25/04/2025,24.2
Cali,25/04/2025,28.5
Barranquilla,25/04/2025,32.9
Cartagena,25/04/2025,31.3
Bogota,26/04/2025,16.1
Medellin,26/04/2025,21.5
Cali,26/04/2025,29.8
Barranquilla,26/04/2025,28.1
Cartagena,26/04/2025,32.6
Bogota,27/04/2025,16.3
Medellin,27/04/2025,20.1
Cali,27/04/2025,29.0
Barranquilla,27/04/2025,32.0
Cartagena,27/04/2025,32.1
Bogota,28/04/2025,15.4
Medellin,28/04/2025,21.3
Cali,28/04/2025,26.1
Barranquilla,28/04/2025,28.9
Cartagena,28/04/2025,32.0
Bogota,29/04/2025,16.9
Medellin,29/04/2025,25.8
Cali,29/04/2025,27.3
Barranquilla,29/04/2025,29.8
Cartagena,29/04/2025,31.4
Bogota,30/04/2025,14.6
Medellin,30/04/2025,20.1
Cali,30/04/2025,25.4
Barranquilla,30/04/2025,33.3
Cartagena,30/04/2025,31.5
Bogota,01/05/2025,14.7
Medellin,01/05/2025,23.9
Cali,01/05/2025,27.0
Barranquilla,01/05/2025,29.7
Cartagena,01/05/2025,32.1
Bogota,02/05/2025,13.9
Medellin,02/05/2025,20.6
Cali,02/05/2025,28.5
Barranquilla,02/05/2025,30.4
Cartagena,02/05/2025,30.6
Bogota,03/05/2025,13.0
Medellin,03/05/2025,22.2
Cali,03/05/2025,26.7
Barranquilla,03/05/2025,28.1
Cartagena,03/05/2025,29.6
Bogota,04/05/2025,12.6
Medellin,04/05/2025,23.4
Cali,04/05/2025,29.3
Barranquilla,04/05/2025,31.8
Cartagena,04/05/2025,31.8
Bogota,05/05/2025,14.7
Medellin,05/05/2025,20.9
Cali,05/05/2025,26.0
Barranquilla,05/05/2025,33.6
Cartagena,05/05/2025,31.0
Bogota,06/05/2025,16.2
Medellin,06/05/2025,25.7
Cali,06/05/2025,28.7
Barranquilla,06/05/2025,33.7
Cartagena,06/05/2025,29.3
Bogota,07/05/2025,14.3
Medellin,07/05/2025,22.2
Cali,07/05/2025,26.3
Barranquilla,07/05/2025,30.5
Cartagena,07/05/2025,28.7
Bogota,08/05/2025,15.0
Medellin,08/05/2025,20.4
Cali,08/05/2025,24.7
Barranquilla,08/05/2025,33.4
Cartagena,08/05/2025,30.1
Bogota,09/05/2025,14.7
Medellin,09/05/2025,22.7
Cali,09/05/2025,25.3
Barranquilla,09/05/2025,33.5
Cartagena,09/05/2025,32.4
Bogota,10/05/2025,12.7
Medellin,10/05/2025,25.0
Cali,10/05/2025,25.6
Barranquilla,10/05/2025,33.7
Cartagena,10/05/2025,29.0
Bogota,11/05/2025,12.9
Medellin,11/05/2025,23.0
Cali,11/05/2025,28.7
Barranquilla,11/05/2025,30.1
Cartagena,11/05/2025,28.5
Bogota,12/05/2025,16.8
Medellin,12/05/2025,22.9
Cali,12/05/2025,25.4
Barranquilla,12/05/2025,33.6
Cartagena,12/05/2025,27.3
Bogota,13/05/2025,15.7
Medellin,13/05/2025,25.4
Cali,13/05/2025,28.7
Barranquilla,13/05/2025,28.7
Cartagena,13/05/2025,28.4
Bogota,14/05/2025,14.9
Medellin,14/05/2025,24.9
Cali,14/05/2025,27.5
Barranquilla,14/05/2025,30.2
Cartagena,14/05/2025,28.8
Bogota,15/05/2025,15.9
Medellin,15/05/2025,23.2
Cali,15/05/2025,25.1
Barranquilla,15/05/2025,34.0
Cartagena,15/05/2025,29.4
Bogota,16/05/2025,15.1
Medellin,16/05/2025,21.5
Cali,16/05/2025,30.0
Barranquilla,16/05/2025,28.7
Cartagena,16/05/2025,28.8
Bogota,17/05/2025,15.5
Medellin,17/05/2025,24.8
Cali,17/05/2025,26.2
Barranquilla,17/05/2025,29.5
Cartagena,17/05/2025,27.7
Bogota,18/05/2025,16.8
Medellin,18/05/2025,25.6
Cali,18/05/2025,27.1
Barranquilla,18/05/2025,31.9
Cartagena,18/05/2025,27.8
Bogota,19/05/2025,12.8
Medellin,19/05/2025,21.4
Cali,19/05/2025,26.5
Barranquilla,19/05/2025,30.2
Cartagena,19/05/2025,32.5
Bogota,20/05/2025,12.2
Medellin,20/05/2025,24.9
Cali,20/05/2025,27.0
Barranquilla,20/05/2025,28.8
Cartagena,20/05/2025,29.3
Bogota,21/05/2025,15.4
Medellin,21/05/2025,21.1
Cali,21/05/2025,25.0
Barranquilla,21/05/2025,31.2
Cartagena,21/05/2025,28.2
Bogota,22/05/2025,14.5
Medellin,22/05/2025,25.8
Cali,22/05/2025,24.8
Barranquilla,22/05/2025,32.8
Cartagena,22/05/2025,30.4
Bogota,23/05/2025,16.6
Medellin,23/05/2025,24.1
Cali,23/05/2025,28.8
Barranquilla,23/05/2025,30.7
Cartagena,23/05/2025,30.5
Bogota,24/05/2025,15.3
Medellin,24/05/2025,22.7
Cali,24/05/2025,27.3
Barranquilla,24/05/2025,31.0
Cartagena,24/05/2025,27.5
Bogota,25/05/2025,13.4
Medellin,25/05/2025,20.4
Cali,25/05/2025,25.0
Barranquilla,25/05/2025,30.9
Cartagena,25/05/2025,29.1
Bogota,26/05/2025,14.3
Medellin,26/05/2025,20.4
Cali,26/05/2025,29.3
Barranquilla,26/05/2025,29.5
Cartagena,26/05/2025,32.1
Bogota,27/05/2025,15.7
Medellin,27/05/2025,24.2
Cali,27/05/2025,27.4
Barranquilla,27/05/2025,32.5
Cartagena,27/05/2025,30.3
Bogota,28/05/2025,13.5
Medellin,28/05/2025,22.8
Cali,28/05/2025,29.3
Barranquilla,28/05/2025,29.3
Cartagena,28/05/2025,29.7
Bogota,29/05/2025,13.2
Medellin,29/05/2025,24.4
Cali,29/05/2025,28.4
Barranquilla,29/05/2025,28.3
Cartagena,29/05/2025,32.8
Bogota,30/05/2025,12.6
Medellin,30/05/2025,22.6
Cali,30/05/2025,25.0
Barranquilla,30/05/2025,29.0
Cartagena,30/05/2025,28.2
Bogota,31/05/2025,14.6
Medellin,31/05/2025,21.6
Cali,31/05/2025,26.5
Barranquilla,31/05/2025,31.0
Cartagena,31/05/2025,27.1
Bogota,01/06/2025,16.6
Medellin,01/06/2025,23.8
Cali,01/06/2025,28.6
Barranquilla,01/06/2025,30.1
Cartagena,01/06/2025,32.1
Bogota,02/06/2025,16.3
Medellin,02/06/2025,24.6
Cali,02/06/2025,24.8
Barranquilla,02/06/2025,32.6
Cartagena,02/06/2025,29.4
Bogota,03/06/2025,12.1
Medellin,03/06/2025,21.2
Cali,03/06/2025,26.4
Barranquilla,03/06/2025,31.6
Cartagena,03/06/2025,27.9
Bogota,04/06/2025,16.4
Medellin,04/06/2025,20.0
Cali,04/06/2025,27.8
Barranquilla,04/06/2025,31.2
Cartagena,04/06/2025,27.3
Bogota,05/06/2025,12.4
Medellin,05/06/2025,24.5
Cali,05/06/2025,26.4
Barranquilla,05/06/2025,32.8
Cartagena,05/06/2025,31.4
Bogota,06/06/2025,14.1
Medellin,06/06/2025,24.9
Cali,06/06/2025,29.1
Barranquilla,06/06/2025,29.0
Cartagena,06/06/2025,27.8
Bogota,07/06/2025,15.0
Medellin,07/06/2025,23.0
Cali,07/06/2025,25.9
Barranquilla,07/06/2025,30.3
Cartagena,07/06/2025,32.8
Bogota,08/06/2025,15.3
Medellin,08/06/2025,23.0
Cali,08/06/2025,27.0
Barranquilla,08/06/2025,30.2
Cartagena,08/06/2025,27.0
Bogota,09/06/2025,14.0
Medellin,09/06/2025,20.8
Cali,09/06/2025,28.3
Barranquilla,09/06/2025,30.6
Cartagena,09/06/2025,29.7
Bogota,10/06/2025,13.7
Medellin,10/06/2025,25.8
Cali,10/06/2025,26.6
Barranquilla,10/06/2025,28.1
Cartagena,10/06/2025,27.7
Bogota,11/06/2025,13.9
Medellin,11/06/2025,22.4
Cali,11/06/2025,24.4
Barranquilla,11/06/2025,32.9
Cartagena,11/06/2025,29.0
Bogota,12/06/2025,15.6
Medellin,12/06/2025,25.4
Cali,12/06/2025,27.1
Barranquilla,12/06/2025,31.3
Cartagena,12/06/2025,32.6
Bogota,13/06/2025,12.1
Medellin,13/06/2025,22.5
Cali,13/06/2025,27.6
Barranquilla,13/06/2025,29.7
Cartagena,13/06/2025,30.9
Bogota,14/06/2025,12.3
Medellin,14/06/2025,24.3
Cali,14/06/2025,25.4
Barranquilla,14/06/2025,31.9
Cartagena,14/06/2025,31.1
Bogota,15/06/2025,12.7
Medellin,15/06/2025,23.0
Cali,15/06/2025,29.6
Barranquilla,15/06/2025,28.3
Cartagena,15/06/2025,32.7
Bogota,16/06/2025,12.6
Medellin,16/06/2025,22.9
Cali,16/06/2025,27.1
Barranquilla,16/06/2025,30.2
Cartagena,16/06/2025,32.8
Bogota,17/06/2025,14.9
Medellin,17/06/2025,23.8
Cali,17/06/2025,26.2
Barranquilla,17/06/2025,33.9
Cartagena,17/06/2025,29.2
Bogota,18/06/2025,12.6
Medellin,18/06/2025,22.4
Cali,18/06/2025,27.6
Barranquilla,18/06/2025,28.4
Cartagena,18/06/2025,29.4
Bogota,19/06/2025,16.7
Medellin,19/06/2025,21.9
Cali,19/06/2025,27.8
Barranquilla,19/06/2025,29.6
Cartagena,19/06/2025,30.7
Bogota,20/06/2025,14.6
Medellin,20/06/2025,22.7
Cali,20/06/2025,29.9
Barranquilla,20/06/2025,29.0
Cartagena,20/06/2025,27.3
Bogota,21/06/2025,13.5
Medellin,21/06/2025,25.6
Cali,21/06/2025,24.2
Barranquilla,21/06/2025,29.7
Cartagena,21/06/2025,32.8
Bogota,22/06/2025,16.5
Medellin,22/06/2025,24.4
Cali,22/06/2025,26.8
Barranquilla,22/06/2025,31.5
Cartagena,22/06/2025,30.5
Bogota,23/06/2025,12.1
Medellin,23/06/2025,22.0
Cali,23/06/2025,28.5
Barranquilla,23/06/2025,30.2
Cartagena,23/06/2025,27.1
Bogota,24/06/2025,14.0
Medellin,24/06/2025,24.2
Cali,24/06/2025,27.4
Barranquilla,24/06/2025,33.5
Cartagena,24/06/2025,27.7
Bogota,25/06/2025,15.5
Medellin,25/06/2025,25.2
Cali,25/06/2025,26.1
Barranquilla,25/06/2025,32.1
Cartagena,25/06/2025,27.6
Bogota,26/06/2025,16.8
Medellin,26/06/2025,20.8
Cali,26/06/2025,27.0
Barranquilla,26/06/2025,28.6
Cartagena,26/06/2025,27.1
Bogota,27/06/2025,14.6
Medellin,27/06/2025,24.9
Cali,27/06/2025,24.2
Barranquilla,27/06/2025,29.1
Cartagena,27/06/2025,30.5
Bogota,28/06/2025,16.5
Medellin,28/06/2025,25.2
Cali,28/06/2025,28.0
Barranquilla,28/06/2025,28.7
Cartagena,28/06/2025,29.0
Bogota,29/06/2025,16.0
Medellin,29/06/2025,25.9
Cali,29/06/2025,27.4
Barranquilla,29/06/2025,32.3
Cartagena,29/06/2025,27.4
Bogota,30/06/2025,13.7
Medellin,30/06/2025,25.2
Cali,30/06/2025,25.4
Barranquilla,30/06/2025,31.8
Cartagena,30/06/2025,28.1
Bogota,01/07/2025,14.3
Medellin,01/07/2025,25.0
Cali,01/07/2025,24.5
Barranquilla,01/07/2025,33.6
Cartagena,01/07/2025,27.4
Bogota,02/07/2025,14.8
Medellin,02/07/2025,22.1
Cali,02/07/2025,28.9
Barranquilla,02/07/2025,29.5
Cartagena,02/07/2025,27.6
Bogota,03/07/2025,13.4
Medellin,03/07/2025,22.3
Cali,03/07/2025,26.7
Barranquilla,03/07/2025,29.1
Cartagena,03/07/2025,30.5
Bogota,04/07/2025,13.0
Medellin,04/07/2025,25.4
Cali,04/07/2025,27.2
Barranquilla,04/07/2025,32.4
Cartagena,04/07/2025,29.9
Bogota,05/07/2025,15.7
Medellin,05/07/2025,23.8
Cali,05/07/2025,25.5
Barranquilla,05/07/2025,29.2
Cartagena,05/07/2025,27.2
Bogota,06/07/2025,16.3
Medellin,06/07/2025,25.2
Cali,06/07/2025,27.1
Barranquilla,06/07/2025,31.7
Cartagena,06/07/2025,32.7
Bogota,07/07/2025,16.0
Medellin,07/07/2025,24.7
Cali,07/07/2025,28.5
Barranquilla,07/07/2025,33.9
Cartagena,07/07/2025,32.2
Bogota,08/07/2025,13.5
Medellin,08/07/2025,22.4
Cali,08/07/2025,29.9
Barranquilla,08/07/2025,28.7
Cartagena,08/07/2025,28.0
Bogota,09/07/2025,12.7
Medellin,09/07/2025,24.1
Cali,09/07/2025,29.9
Barranquilla,09/07/2025,29.3
Cartagena,09/07/2025,32.4
Bogota,10/07/2025,16.4
Medellin,10/07/2025,21.2
Cali,10/07/2025,26.8
Barranquilla,10/07/2025,30.9
Cartagena,10/07/2025,28.3
Bogota,11/07/2025,14.1
Medellin,11/07/2025,21.6
Cali,11/07/2025,24.4
Barranquilla,11/07/2025,28.4
Cartagena,11/07/2025,32.2
Bogota,12/07/2025,16.1
Medellin,12/07/2025,21.3
Cali,12/07/2025,29.9
Barranquilla,12/07/2025,29.2
Cartagena,12/07/2025,27.2
Bogota,13/07/2025,13.0
Medellin,13/07/2025,20.4
Cali,13/07/2025,29.1
Barranquilla,13/07/2025,31.1
Cartagena,13/07/2025,31.1
Bogota,14/07/2025,14.8
Medellin,14/07/2025,24.3
Cali,14/07/2025,29.1
Barranquilla,14/07/2025,31.1
Cartagena,14/07/2025,32.4
Bogota,15/07/2025,12.6
Medellin,15/07/2025,21.3
Cali,15/07/2025,28.6
Barranquilla,15/07/2025,30.3
Cartagena,15/07/2025,29.5
Bogota,16/07/2025,14.7
Medellin,16/07/2025,20.2
Cali,16/07/2025,25.2
Barranquilla,16/07/2025,29.0
Cartagena,16/07/2025,31.6
Bogota,17/07/2025,14.5
Medellin,17/07/2025,20.3
Cali,17/07/2025,25.8
Barranquilla,17/07/2025,31.8
Cartagena,17/07/2025,29.5
Bogota,18/07/2025,15.8
Medellin,18/07/2025,24.7
Cali,18/07/2025,27.8
Barranquilla,18/07/2025,28.5
Cartagena,18/07/2025,32.0
Bogota,19/07/2025,14.3
Medellin,19/07/2025,21.2
Cali,19/07/2025,26.8
Barranquilla,19/07/2025,32.7
Cartagena,19/07/2025,27.3
Bogota,20/07/2025,14.4
Medellin,20/07/2025,22.7
Cali,20/07/2025,25.9
Barranquilla,20/07/2025,29.6
Cartagena,20/07/2025,32.7
Bogota,21/07/2025,13.5
Medellin,21/07/2025,25.9
Cali,21/07/2025,29.9
Barranquilla,21/07/2025,31.2
Cartagena,21/07/2025,28.3
Bogota,22/07/2025,16.4
Medellin,22/07/2025,21.1
Cali,22/07/2025,29.2
Barranquilla,22/07/2025,30.8
Cartagena,22/07/2025,28.4
Bogota,23/07/2025,15.6
Medellin,23/07/2025,22.8
Cali,23/07/2025,27.9
Barranquilla,23/07/2025,28.6
Cartagena,23/07/2025,29.7
Bogota,24/07/2025,15.0
Medellin,24/07/2025,22.8
Cali,24/07/2025,27.7
Barranquilla,24/07/2025,33.2
Cartagena,24/07/2025,29.3
Bogota,25/07/2025,15.9
Medellin,25/07/2025,25.7
Cali,25/07/2025,27.4
Barranquilla,25/07/2025,31.8
Cartagena,25/07/2025,31.7
Bogota,26/07/2025,15.8
Medellin,26/07/2025,25.8
Cali,26/07/2025,28.3
Barranquilla,26/07/2025,29.0
Cartagena,26/07/2025,27.2
Bogota,27/07/2025,15.9
Medellin,27/07/2025,20.5
Cali,27/07/2025,26.2
Barranquilla,27/07/2025,28.5
Cartagena,27/07/2025,29.2
Bogota,28/07/2025,14.0
Medellin,28/07/2025,21.4
Cali,28/07/2025,24.3
Barranquilla,28/07/2025,32.2
Cartagena,28/07/2025,28.2
Bogota,29/07/2025,12.6
Medellin,29/07/2025,23.5
Cali,29/07/2025,29.5
Barranquilla,29/07/2025,28.6
Cartagena,29/07/2025,30.3
Bogota,30/07/2025,13.0
Medellin,30/07/2025,23.7
Cali,30/07/2025,26.1
Barranquilla,30/07/2025,28.7
Cartagena,30/07/2025,32.2
Bogota,31/07/2025,15.4
Medellin,31/07/2025,21.2
Cali,31/07/2025,29.0
Barranquilla,31/07/2025,29.4
Cartagena,31/07/2025,27.3
Bogota,01/08/2025,13.0
Medellin,01/08/2025,25.1
Cali,01/08/2025,25.6
Barranquilla,01/08/2025,33.7
Cartagena,01/08/2025,31.4
Bogota,02/08/2025,16.7
Medellin,02/08/2025,23.8
Cali,02/08/2025,26.7
Barranquilla,02/08/2025,31.9
Cartagena,02/08/2025,28.9
Bogota,03/08/2025,15.1
Medellin,03/08/2025,22.6
Cali,03/08/2025,28.8
Barranquilla,03/08/2025,33.0
Cartagena,03/08/2025,31.0
Bogota,04/08/2025,16.7
Medellin,04/08/2025,21.6
Cali,04/08/2025,26.7
Barranquilla,04/08/2025,31.7
Cartagena,04/08/2025,30.5
Bogota,05/08/2025,16.3
Medellin,05/08/2025,21.2
Cali,05/08/2025,26.2
Barranquilla,05/08/2025,31.9
Cartagena,05/08/2025,27.3
Bogota,06/08/2025,14.3
Medellin,06/08/2025,22.4
Cali,06/08/2025,27.7
Barranquilla,06/08/2025,32.7
Cartagena,06/08/2025,29.4
Bogota,07/08/2025,14.4
Medellin,07/08/2025,24.4
Cali,07/08/2025,25.2
Barranquilla,07/08/2025,31.3
Cartagena,07/08/2025,30.6
Bogota,08/08/2025,12.2
Medellin,08/08/2025,21.7
Cali,08/08/2025,27.5
Barranquilla,08/08/2025,32.4
Cartagena,08/08/2025,29.0
Bogota,09/08/2025,12.7
Medellin,09/08/2025,25.3
Cali,09/08/2025,29.9
Barranquilla,09/08/2025,28.5
Cartagena,09/08/2025,29.9
Bogota,10/08/2025,15.1
Medellin,10/08/2025,20.7
Cali,10/08/2025,24.9
Barranquilla,10/08/2025,33.2
Cartagena,10/08/2025,27.6
Bogota,11/08/2025,15.5
Medellin,11/08/2025,23.5
Cali,11/08/2025,27.0
Barranquilla,11/08/2025,30.2
Cartagena,11/08/2025,31.5
Bogota,12/08/2025,16.0
Medellin,12/08/2025,22.5
Cali,12/08/2025,28.3
Barranquilla,12/08/2025,32.8
Cartagena,12/08/2025,31.6
Bogota,13/08/2025,12.2
Medellin,13/08/2025,24.8
Cali,13/08/2025,26.4
Barranquilla,13/08/2025,29.1
Cartagena,13/08/2025,28.4
Bogota,14/08/2025,14.1
Medellin,14/08/2025,25.4
Cali,14/08/2025,27.1
Barranquilla,14/08/2025,31.4
Cartagena,14/08/2025,32.9
Bogota,15/08/2025,13.6
Medellin,15/08/2025,23.8
Cali,15/08/2025,27.1
Barranquilla,15/08/2025,29.7
Cartagena,15/08/2025,29.4
Bogota,16/08/2025,15.3
Medellin,16/08/2025,24.3
Cali,16/08/2025,26.4
Barranquilla,16/08/2025,30.0
Cartagena,16/08/2025,31.2
Bogota,17/08/2025,16.9
Medellin,17/08/2025,24.7
Cali,17/08/2025,24.8
Barranquilla,17/08/2025,28.4
Cartagena,17/08/2025,29.6
Bogota,18/08/2025,12.8
Medellin,18/08/2025,21.6
Cali,18/08/2025,24.2
Barranquilla,18/08/2025,30.4
Cartagena,18/08/2025,27.1
Bogota,19/08/2025,15.6
Medellin,19/08/2025,23.9
Cali,19/08/2025,25.4
Barranquilla,19/08/2025,28.3
Cartagena,19/08/2025,28.7
Bogota,20/08/2025,13.8
Medellin,20/08/2025,22.7
Cali,20/08/2025,29.2
Barranquilla,20/08/2025,33.8
Cartagena,20/08/2025,27.4
Bogota,21/08/2025,15.3
Medellin,21/08/2025,21.8
Cali,21/08/2025,24.1
Barranquilla,21/08/2025,30.5
Cartagena,21/08/2025,28.2
Bogota,22/08/2025,13.5
Medellin,22/08/2025,26.0
Cali,22/08/2025,25.3
Barranquilla,22/08/2025,30.2
Cartagena,22/08/2025,31.1
Bogota,23/08/2025,16.4
Medellin,23/08/2025,24.7
Cali,23/08/2025,27.1
Barranquilla,23/08/2025,30.3
Cartagena,23/08/2025,31.6
Bogota,24/08/2025,12.2
Medellin,24/08/2025,23.2
Cali,24/08/2025,27.9
Barranquilla,24/08/2025,32.9
Cartagena,24/08/2025,30.7
Bogota,25/08/2025,13.0
Medellin,25/08/2025,23.2
Cali,25/08/2025,29.8
Barranquilla,25/08/2025,28.5
Cartagena,25/08/2025,31.9
Bogota,26/08/2025,14.0
Medellin,26/08/2025,20.6
Cali,26/08/2025,29.7
Barranquilla,26/08/2025,33.9
Cartagena,26/08/2025,30.7
Bogota,27/08/2025,13.3
Medellin,27/08/2025,24.6
Cali,27/08/2025,26.8
Barranquilla,27/08/2025,28.4
Cartagena,27/08/2025,30.9
Bogota,28/08/2025,12.6
Medellin,28/08/2025,25.5
Cali,28/08/2025,29.7
Barranquilla,28/08/2025,32.7
Cartagena,28/08/2025,30.5
Bogota,29/08/2025,13.3
Medellin,29/08/2025,25.5
Cali,29/08/2025,27.7
Barranquilla,29/08/2025,31.5
Cartagena,29/08/2025,29.2
Bogota,30/08/2025,12.2
Medellin,30/08/2025,22.9
Cali,30/08/2025,25.5
Barranquilla,30/08/2025,28.6
Cartagena,30/08/2025,28.4
Bogota,31/08/2025,12.7
Medellin,31/08/2025,20.8
Cali,31/08/2025,24.8
Barranquilla,31/08/2025,30.9
Cartagena,31/08/2025,29.4
Bogota,01/09/2025,14.6
Medellin,01/09/2025,21.3
Cali,01/09/2025,27.1
Barranquilla,01/09/2025,31.2
Cartagena,01/09/2025,29.3
Bogota,02/09/2025,16.9
Medellin,02/09/2025,20.7
Cali,02/09/2025,27.7
Barranquilla,02/09/2025,32.3
Cartagena,02/09/2025,27.5
Bogota,03/09/2025,15.5
Medellin,03/09/2025,21.0
Cali,03/09/2025,27.6
Barranquilla,03/09/2025,30.7
Cartagena,03/09/2025,30.4
Bogota,04/09/2025,14.7
Medellin,04/09/2025,23.1
Cali,04/09/2025,28.2
Barranquilla,04/09/2025,28.3
Cartagena,04/09/2025,30.7
Bogota,05/09/2025,15.3
Medellin,05/09/2025,23.8
Cali,05/09/2025,28.9
Barranquilla,05/09/2025,33.4
Cartagena,05/09/2025,28.9
Bogota,06/09/2025,12.1
Medellin,06/09/2025,24.0
Cali,06/09/2025,24.9
Barranquilla,06/09/2025,30.1
Cartagena,06/09/2025,27.5
Bogota,07/09/2025,16.4
Medellin,07/09/2025,21.2
Cali,07/09/2025,25.4
Barranquilla,07/09/2025,28.5
Cartagena,07/09/2025,30.8
Bogota,08/09/2025,14.0
Medellin,08/09/2025,23.6
Cali,08/09/2025,24.7
Barranquilla,08/09/2025,29.6
Cartagena,08/09/2025,27.4
Bogota,09/09/2025,13.6
Medellin,09/09/2025,21.1
Cali,09/09/2025,24.9
Barranquilla,09/09/2025,30.4
Cartagena,09/09/2025,29.9
Bogota,10/09/2025,12.1
Medellin,10/09/2025,25.4
Cali,10/09/2025,24.3
Barranquilla,10/09/2025,30.3
Cartagena,10/09/2025,27.1
Bogota,11/09/2025,15.8
Medellin,11/09/2025,22.5
Cali,11/09/2025,27.7
Barranquilla,11/09/2025,29.1
Cartagena,11/09/2025,27.8
Bogota,12/09/2025,15.5
Medellin,12/09/2025,26.0
Cali,12/09/2025,24.9
Barranquilla,12/09/2025,29.6
Cartagena,12/09/2025,29.9
Bogota,13/09/2025,14.2
Medellin,13/09/2025,23.5
Cali,13/09/2025,24.6
Barranquilla,13/09/2025,28.1
Cartagena,13/09/2025,31.2
Bogota,14/09/2025,13.5
Medellin,14/09/2025,23.8
Cali,14/09/2025,24.0
Barranquilla,14/09/2025,33.0
Cartagena,14/09/2025,29.1
Bogota,15/09/2025,12.8
Medellin,15/09/2025,20.0
Cali,15/09/2025,24.3
Barranquilla,15/09/2025,32.8
Cartagena,15/09/2025,31.8
Bogota,16/09/2025,13.6
Medellin,16/09/2025,23.3
Cali,16/09/2025,29.2
Barranquilla,16/09/2025,34.0
Cartagena,16/09/2025,31.5
Bogota,17/09/2025,15.3
Medellin,17/09/2025,21.9
Cali,17/09/2025,26.5
Barranquilla,17/09/2025,33.6
Cartagena,17/09/2025,29.3
Bogota,18/09/2025,16.5
Medellin,18/09/2025,24.8
Cali,18/09/2025,27.7
Barranquilla,18/09/2025,29.8
Cartagena,18/09/2025,32.1
Bogota,19/09/2025,16.9
Medellin,19/09/2025,22.5
Cali,19/09/2025,26.3
Barranquilla,19/09/2025,28.0
Cartagena,19/09/2025,30.7
Bogota,20/09/2025,14.8
Medellin,20/09/2025,24.2
Cali,20/09/2025,27.5
Barranquilla,20/09/2025,31.4
Cartagena,20/09/2025,31.4
Bogota,21/09/2025,15.6
Medellin,21/09/2025,25.0
Cali,21/09/2025,26.1
Barranquilla,21/09/2025,29.7
Cartagena,21/09/2025,28.5
Bogota,22/09/2025,16.8
Medellin,22/09/2025,20.3
Cali,22/09/2025,25.9
Barranquilla,22/09/2025,32.7
Cartagena,22/09/2025,30.1
Bogota,23/09/2025,15.8
Medellin,23/09/2025,24.5
Cali,23/09/2025,25.6
Barranquilla,23/09/2025,31.0
Cartagena,23/09/2025,27.8
Bogota,24/09/2025,14.8
Medellin,24/09/2025,22.1
Cali,24/09/2025,25.9
Barranquilla,24/09/2025,32.7
Cartagena,24/09/2025,30.8
Bogota,25/09/2025,13.7
Medellin,25/09/2025,20.7
Cali,25/09/2025,29.0
Barranquilla,25/09/2025,31.6
Cartagena,25/09/2025,31.3
Bogota,26/09/2025,14.8
Medellin,26/09/2025,20.3
Cali,26/09/2025,27.5
Barranquilla,26/09/2025,28.4
Cartagena,26/09/2025,27.8
Bogota,27/09/2025,14.1
Medellin,27/09/2025,24.3
Cali,27/09/2025,26.6
Barranquilla,27/09/2025,29.1
Cartagena,27/09/2025,27.0
Bogota,28/09/2025,16.9
Medellin,28/09/2025,25.6
Cali,28/09/2025,25.3
Barranquilla,28/09/2025,29.9
Cartagena,28/09/2025,30.3
Bogota,29/09/2025,14.7
Medellin,29/09/2025,25.7
Cali,29/09/2025,24.5
Barranquilla,29/09/2025,33.6
Cartagena,29/09/2025,29.5
Bogota,30/09/2025,13.5
Medellin,30/09/2025,20.2
Cali,30/09/2025,29.9
Barranquilla,30/09/2025,30.8
Cartagena,30/09/2025,28.1
Bogota,01/10/2025,16.3
Medellin,01/10/2025,23.6
Cali,01/10/2025,25.8
Barranquilla,01/10/2025,28.2
Cartagena,01/10/2025,31.1
Bogota,02/10/2025,14.6
Medellin,02/10/2025,21.3
Cali,02/10/2025,27.5
Barranquilla,02/10/2025,29.2
Cartagena,02/10/2025,32.5
Bogota,03/10/2025,13.5
Medellin,03/10/2025,23.6
Cali,03/10/2025,25.5
Barranquilla,03/10/2025,30.0
Cartagena,03/10/2025,30.5
Bogota,04/10/2025,16.2
Medellin,04/10/2025,20.5
Cali,04/10/2025,27.1
Barranquilla,04/10/2025,29.1
Cartagena,04/10/2025,32.7
Bogota,05/10/2025,14.0
Medellin,05/10/2025,22.9
Cali,05/10/2025,26.1
Barranquilla,05/10/2025,31.3
Cartagena,05/10/2025,32.1
Bogota,06/10/2025,14.0
Medellin,06/10/2025,21.0
Cali,06/10/2025,25.4
Barranquilla,06/10/2025,33.5
Cartagena,06/10/2025,27.1
Bogota,07/10/2025,12.4
Medellin,07/10/2025,23.9
Cali,07/10/2025,26.3
Barranquilla,07/10/2025,30.2
Cartagena,07/10/2025,28.1
Bogota,08/10/2025,16.5
Medellin,08/10/2025,20.9
Cali,08/10/2025,27.9
Barranquilla,08/10/2025,30.7
Cartagena,08/10/2025,27.8
Bogota,09/10/2025,14.1
Medellin,09/10/2025,24.6
Cali,09/10/2025,25.6
Barranquilla,09/10/2025,32.0
Cartagena,09/10/2025,27.0
Bogota,10/10/2025,16.2
Medellin,10/10/2025,21.2
Cali,10/10/2025,26.3
Barranquilla,10/10/2025,32.6
Cartagena,10/10/2025,27.0
Bogota,11/10/2025,16.3
Medellin,11/10/2025,20.5
Cali,11/10/2025,24.8
Barranquilla,11/10/2025,32.7
Cartagena,11/10/2025,27.3
Bogota,12/10/2025,15.7
Medellin,12/10/2025,25.4
Cali,12/10/2025,24.4
Barranquilla,12/10/2025,31.1
Cartagena,12/10/2025,27.3
Bogota,13/10/2025,15.0
Medellin,13/10/2025,25.7
Cali,13/10/2025,24.4
Barranquilla,13/10/2025,33.7
Cartagena,13/10/2025,28.1
Bogota,14/10/2025,13.2
Medellin,14/10/2025,24.4
Cali,14/10/2025,28.6
Barranquilla,14/10/2025,31.5
Cartagena,14/10/2025,28.9
Bogota,15/10/2025,13.9
Medellin,15/10/2025,20.0
Cali,15/10/2025,25.9
Barranquilla,15/10/2025,32.3
Cartagena,15/10/2025,29.9
Bogota,16/10/2025,16.1
Medellin,16/10/2025,22.4
Cali,16/10/2025,27.9
Barranquilla,16/10/2025,28.9
Cartagena,16/10/2025,32.9
Bogota,17/10/2025,14.0
Medellin,17/10/2025,23.0
Cali,17/10/2025,28.6
Barranquilla,17/10/2025,33.0
Cartagena,17/10/2025,28.5
Bogota,18/10/2025,15.1
Medellin,18/10/2025,20.9
Cali,18/10/2025,25.4
Barranquilla,18/10/2025,30.2
Cartagena,18/10/2025,30.1
Bogota,19/10/2025,16.1
Medellin,19/10/2025,25.8
Cali,19/10/2025,26.7
Barranquilla,19/10/2025,29.6
Cartagena,19/10/2025,28.1
Bogota,20/10/2025,15.7
Medellin,20/10/2025,22.9
Cali,20/10/2025,26.2
Barranquilla,20/10/2025,32.7
Cartagena,20/10/2025,32.9
Bogota,21/10/2025,13.0
Medellin,21/10/2025,22.8
Cali,21/10/2025,28.9
Barranquilla,21/10/2025,32.5
Cartagena,21/10/2025,31.4
Bogota,22/10/2025,12.0
Medellin,22/10/2025,23.1
Cali,22/10/2025,26.7
Barranquilla,22/10/2025,31.0
Cartagena,22/10/2025,30.7
Bogota,23/10/2025,17.0
Medellin,23/10/2025,24.0
Cali,23/10/2025,29.2
Barranquilla,23/10/2025,30.0
Cartagena,23/10/2025,29.2
Bogota,24/10/2025,16.2
Medellin,24/10/2025,22.5
Cali,24/10/2025,28.8
Barranquilla,24/10/2025,28.5
Cartagena,24/10/2025,32.9
Bogota,25/10/2025,16.4
Medellin,25/10/2025,22.1
Cali,25/10/2025,24.7
Barranquilla,25/10/2025,29.2
Cartagena,25/10/2025,32.7
Bogota,26/10/2025,12.5
Medellin,26/10/2025,24.5
Cali,26/10/2025,26.7
Barranquilla,26/10/2025,30.5
Cartagena,26/10/2025,29.6
Bogota,27/10/2025,16.6
Medellin,27/10/2025,25.1
Cali,27/10/2025,26.8
Barranquilla,27/10/2025,32.6
Cartagena,27/10/2025,31.8
Bogota,28/10/2025,16.6
Medellin,28/10/2025,21.6
Cali,28/10/2025,25.7
Barranquilla,28/10/2025,33.1
Cartagena,28/10/2025,30.9
Bogota,29/10/2025,13.7
Medellin,29/10/2025,24.7
Cali,29/10/2025,24.1
Barranquilla,29/10/2025,33.3
Cartagena,29/10/2025,32.9
Bogota,30/10/2025,14.6
Medellin,30/10/2025,24.9
Cali,30/10/2025,26.1
Barranquilla,30/10/2025,31.6
Cartagena,30/10/2025,32.4
Bogota,31/10/2025,12.0
Medellin,31/10/2025,22.9
Cali,31/10/2025,27.1
Barranquilla,31/10/2025,31.4
Cartagena,31/10/2025,30.4
Bogota,01/11/2025,16.1
Medellin,01/11/2025,24.2
Cali,01/11/2025,26.2
Barranquilla,01/11/2025,28.5
Cartagena,01/11/2025,32.2
Bogota,02/11/2025,16.7
Medellin,02/11/2025,25.0
Cali,02/11/2025,26.1
Barranquilla,02/11/2025,32.5
Cartagena,02/11/2025,28.2
Bogota,03/11/2025,15.6
Medellin,03/11/2025,23.6
Cali,03/11/2025,24.9
Barranquilla,03/11/2025,31.1
Cartagena,03/11/2025,29.3
Bogota,04/11/2025,13.9
Medellin,04/11/2025,22.2
Cali,04/11/2025,26.1
Barranquilla,04/11/2025,33.2
Cartagena,04/11/2025,30.9
Bogota,05/11/2025,13.4
Medellin,05/11/2025,20.4
Cali,05/11/2025,26.7
Barranquilla,05/11/2025,31.5
Cartagena,05/11/2025,31.5
Bogota,06/11/2025,14.2
Medellin,06/11/2025,24.3
Cali,06/11/2025,28.7
Barranquilla,06/11/2025,33.1
Cartagena,06/11/2025,31.9
Bogota,07/11/2025,16.7
Medellin,07/11/2025,21.2
Cali,07/11/2025,28.6
Barranquilla,07/11/2025,29.6
Cartagena,07/11/2025,29.7
Bogota,08/11/2025,16.7
Medellin,08/11/2025,24.7
Cali,08/11/2025,25.7
Barranquilla,08/11/2025,29.1
Cartagena,08/11/2025,30.1
Bogota,09/11/2025,13.6
Medellin,09/11/2025,21.2
Cali,09/11/2025,26.0
Barranquilla,09/11/2025,30.3
Cartagena,09/11/2025,29.0
Bogota,10/11/2025,12.9
Medellin,10/11/2025,23.3
Cali,10/11/2025,24.0
Barranquilla,10/11/2025,28.9
Cartagena,10/11/2025,29.5
Bogota,11/11/2025,13.1
Medellin,11/11/2025,21.5
Cali,11/11/2025,29.8
Barranquilla,11/11/2025,28.2
Cartagena,11/11/2025,31.8
Bogota,12/11/2025,16.7
Medellin,12/11/2025,20.5
Cali,12/11/2025,26.4
Barranquilla,12/11/2025,32.2
Cartagena,12/11/2025,27.5
Bogota,13/11/2025,13.2
Medellin,13/11/2025,25.0
Cali,13/11/2025,27.8
Barranquilla,13/11/2025,33.2
Cartagena,13/11/2025,28.3
Bogota,14/11/2025,16.4
Medellin,14/11/2025,22.9
Cali,14/11/2025,26.3
Barranquilla,14/11/2025,29.9
Cartagena,14/11/2025,29.3
Bogota,15/11/2025,13.6
Medellin,15/11/2025,20.2
Cali,15/11/2025,28.0
Barranquilla,15/11/2025,31.9
Cartagena,15/11/2025,28.6
Bogota,16/11/2025,14.0
Medellin,16/11/2025,21.1
Cali,16/11/2025,29.0
Barranquilla,16/11/2025,33.9
Cartagena,16/11/2025,30.7
Bogota,17/11/2025,13.4
Medellin,17/11/2025,23.7
Cali,17/11/2025,25.2
Barranquilla,17/11/2025,33.9
Cartagena,17/11/2025,30.8
Bogota,18/11/2025,15.8
Medellin,18/11/2025,23.9
Cali,18/11/2025,27.5
Barranquilla,18/11/2025,29.7
Cartagena,18/11/2025,28.2
Bogota,19/11/2025,12.1
Medellin,19/11/2025,24.3
Cali,19/11/2025,28.0
Barranquilla,19/11/2025,33.6
Cartagena,19/11/2025,31.4
Bogota,20/11/2025,12.7
Medellin,20/11/2025,24.9
Cali,20/11/2025,24.8
Barranquilla,20/11/2025,32.5
Cartagena,20/11/2025,32.4
Bogota,21/11/2025,16.1
Medellin,21/11/2025,23.1
Cali,21/11/2025,24.4
Barranquilla,21/11/2025,32.1
Cartagena,21/11/2025,28.3
Bogota,22/11/2025,14.3
Medellin,22/11/2025,20.7
Cali,22/11/2025,28.9
Barranquilla,22/11/2025,31.0
Cartagena,22/11/2025,31.5
Bogota,23/11/2025,13.5
Medellin,23/11/2025,25.1
Cali,23/11/2025,26.6
Barranquilla,23/11/2025,32.2
Cartagena,23/11/2025,30.8
Bogota,24/11/2025,16.4
Medellin,24/11/2025,22.4
Cali,24/11/2025,29.3
Barranquilla,24/11/2025,29.2
Cartagena,24/11/2025,32.3
Bogota,25/11/2025,15.9
Medellin,25/11/2025,24.1
Cali,25/11/2025,28.0
Barranquilla,25/11/2025,28.5
Cartagena,25/11/2025,32.3
Bogota,26/11/2025,15.4
Medellin,26/11/2025,23.2
Cali,26/11/2025,27.1
Barranquilla,26/11/2025,29.8
Cartagena,26/11/2025,32.1
Bogota,27/11/2025,14.5
Medellin,27/11/2025,24.5
Cali,27/11/2025,26.0
Barranquilla,27/11/2025,29.2
Cartagena,27/11/2025,30.1
Bogota,28/11/2025,14.3
Medellin,28/11/2025,20.1
Cali,28/11/2025,25.6
Barranquilla,28/11/2025,28.1
Cartagena,28/11/2025,30.3
Bogota,29/11/2025,14.7
Medellin,29/11/2025,20.1
Cali,29/11/2025,26.4
Barranquilla,29/11/2025,30.9
Cartagena,29/11/2025,30.6
Bogota,30/11/2025,13.7
Medellin,30/11/2025,24.1
Cali,30/11/2025,26.0
Barranquilla,30/11/2025,28.9
Cartagena,30/11/2025,30.8
Bogota,01/12/2025,12.7
Medellin,01/12/2025,25.9
Cali,01/12/2025,25.3
Barranquilla,01/12/2025,32.7
Cartagena,01/12/2025,28.0
Bogota,02/12/2025,15.4
Medellin,02/12/2025,22.5
Cali,02/12/2025,27.4
Barranquilla,02/12/2025,31.5
Cartagena,02/12/2025,32.4
Bogota,03/12/2025,12.8
Medellin,03/12/2025,20.4
Cali,03/12/2025,27.3
Barranquilla,03/12/2025,30.0
Cartagena,03/12/2025,27.8
Bogota,04/12/2025,15.6
Medellin,04/12/2025,24.3
Cali,04/12/2025,29.7
Barranquilla,04/12/2025,28.1
Cartagena,04/12/2025,29.3
Bogota,05/12/2025,13.3
Medellin,05/12/2025,22.9
Cali,05/12/2025,25.9
Barranquilla,05/12/2025,31.5
Cartagena,05/12/2025,27.9
Bogota,06/12/2025,17.0
Medellin,06/12/2025,25.3
Cali,06/12/2025,25.4
Barranquilla,06/12/2025,28.3
Cartagena,06/12/2025,30.6
Bogota,07/12/2025,16.7
Medellin,07/12/2025,24.9
Cali,07/12/2025,27.1
Barranquilla,07/12/2025,31.0
Cartagena,07/12/2025,28.7
Bogota,08/12/2025,16.6
Medellin,08/12/2025,24.0
Cali,08/12/2025,25.6
Barranquilla,08/12/2025,30.7
Cartagena,08/12/2025,28.4
Bogota,09/12/2025,14.1
Medellin,09/12/2025,22.6
Cali,09/12/2025,29.6
Barranquilla,09/12/2025,30.0
Cartagena,09/12/2025,30.0
Bogota,10/12/2025,16.7
Medellin,10/12/2025,24.3
Cali,10/12/2025,25.4
Barranquilla,10/12/2025,30.5
Cartagena,10/12/2025,31.1
Bogota,11/12/2025,15.4
Medellin,11/12/2025,21.2
Cali,11/12/2025,26.3
Barranquilla,11/12/2025,33.4
Cartagena,11/12/2025,30.8
Bogota,12/12/2025,14.4
Medellin,12/12/2025,21.0
Cali,12/12/2025,27.2
Barranquilla,12/12/2025,28.0
Cartagena,12/12/2025,29.2
Bogota,13/12/2025,14.9
Medellin,13/12/2025,25.7
Cali,13/12/2025,24.6
Barranquilla,13/12/2025,29.6
Cartagena,13/12/2025,32.9
Bogota,14/12/2025,13.8
Medellin,14/12/2025,20.4
Cali,14/12/2025,29.5
Barranquilla,14/12/2025,29.4
Cartagena,14/12/2025,27.4
Bogota,15/12/2025,16.1
Medellin,15/12/2025,25.6
Cali,15/12/2025,26.6
Barranquilla,15/12/2025,32.1
Cartagena,15/12/2025,31.0
Bogota,16/12/2025,15.2
Medellin,16/12/2025,21.4
Cali,16/12/2025,29.1
Barranquilla,16/12/2025,33.2
Cartagena,16/12/2025,27.3
Bogota,17/12/2025,16.3
Medellin,17/12/2025,23.1
Cali,17/12/2025,27.7
Barranquilla,17/12/2025,30.2
Cartagena,17/12/2025,30.4
Bogota,18/12/2025,16.5
Medellin,18/12/2025,20.1
Cali,18/12/2025,25.5
Barranquilla,18/12/2025,29.3
Cartagena,18/12/2025,32.5
Bogota,19/12/2025,13.8
Medellin,19/12/2025,24.5
Cali,19/12/2025,27.3
Barranquilla,19/12/2025,29.8
Cartagena,19/12/2025,28.4
Bogota,20/12/2025,15.9
Medellin,20/12/2025,24.4
Cali,20/12/2025,25.8
Barranquilla,20/12/2025,28.6
Cartagena,20/12/2025,32.9
Bogota,21/12/2025,15.0
Medellin,21/12/2025,24.2
Cali,21/12/2025,27.6
Barranquilla,21/12/2025,29.3
Cartagena,21/12/2025,30.3
Bogota,22/12/2025,14.3
Medellin,22/12/2025,24.4
Cali,22/12/2025,28.7
Barranquilla,22/12/2025,29.9
Cartagena,22/12/2025,27.0
Bogota,23/12/2025,13.7
Medellin,23/12/2025,21.7
Cali,23/12/2025,28.9
Barranquilla,23/12/2025,31.3
Cartagena,23/12/2025,31.3
Bogota,24/12/2025,13.6
Medellin,24/12/2025,23.8
Cali,24/12/2025,24.5
Barranquilla,24/12/2025,33.9
Cartagena,24/12/2025,27.2
Bogota,25/12/2025,14.5
Medellin,25/12/2025,23.3
Cali,25/12/2025,24.3
Barranquilla,25/12/2025,31.9
Cartagena,25/12/2025,27.7
Bogota,26/12/2025,12.7
Medellin,26/12/2025,22.5
Cali,26/12/2025,27.0
Barranquilla,26/12/2025,29.8
Cartagena,26/12/2025,28.8
Bogota,27/12/2025,14.0
Medellin,27/12/2025,23.3
Cali,27/12/2025,28.9
Barranquilla,27/12/2025,29.1
Cartagena,27/12/2025,27.3
Bogota,28/12/2025,14.8
Medellin,28/12/2025,25.0
Cali,28/12/2025,25.0
Barranquilla,28/12/2025,29.9
Cartagena,28/12/2025,31.2
Bogota,29/12/2025,15.9
Medellin,29/12/2025,21.1
Cali,29/12/2025,27.3
Barranquilla,29/12/2025,29.1
Cartagena,29/12/2025,30.6
Bogota,30/12/2025,12.3
Medellin,30/12/2025,22.2
Cali,30/12/2025,28.4
Barranquilla,30/12/2025,32.4
Cartagena,30/12/2025,31.6
Bogota,31/12/2025,15.9
Medellin,31/12/2025,24.8
Cali,31/12/2025,29.8
Barranquilla,31/12/2025,28.4
Cartagena,31/12/2025,28.3
Bogota,01/01/2026,13.9
Medellin,01/01/2026,20.2
Cali,01/01/2026,24.1
Barranquilla,01/01/2026,30.5
Cartagena,01/01/2026,29.4
Bogota,02/01/2026,14.3
Medellin,02/01/2026,21.0
Cali,02/01/2026,27.6
Barranquilla,02/01/2026,33.5
Cartagena,02/01/2026,29.5
Bogota,03/01/2026,14.5
Medellin,03/01/2026,24.8
Cali,03/01/2026,26.8
Barranquilla,03/01/2026,30.7
Cartagena,03/01/2026,32.0
Bogota,04/01/2026,13.7
Medellin,04/01/2026,20.9
Cali,04/01/2026,29.7
Barranquilla,04/01/2026,28.2
Cartagena,04/01/2026,30.2
Bogota,05/01/2026,15.1
Medellin,05/01/2026,20.6
Cali,05/01/2026,25.9
Barranquilla,05/01/2026,31.7
Cartagena,05/01/2026,30.2
Bogota,06/01/2026,12.7
Medellin,06/01/2026,22.6
Cali,06/01/2026,25.1
Barranquilla,06/01/2026,32.9
Cartagena,06/01/2026,29.0
Bogota,07/01/2026,16.3
Medellin,07/01/2026,20.7
Cali,07/01/2026,29.9
Barranquilla,07/01/2026,31.1
Cartagena,07/01/2026,28.1
Bogota,08/01/2026,16.2
Medellin,08/01/2026,21.7
Cali,08/01/2026,28.7
Barranquilla,08/01/2026,31.0
Cartagena,08/01/2026,27.6
Bogota,09/01/2026,12.2
Medellin,09/01/2026,24.8
Cali,09/01/2026,25.4
Barranquilla,09/01/2026,29.3
Cartagena,09/01/2026,27.3
Bogota,10/01/2026,16.9
Medellin,10/01/2026,22.7
Cali,10/01/2026,29.6
Barranquilla,10/01/2026,28.3
Cartagena,10/01/2026,27.8
Bogota,11/01/2026,14.0
Medellin,11/01/2026,24.6
Cali,11/01/2026,29.8
Barranquilla,11/01/2026,32.3
Cartagena,11/01/2026,31.7
Bogota,12/01/2026,12.8
Medellin,12/01/2026,22.8
Cali,12/01/2026,26.6
Barranquilla,12/01/2026,31.2
Cartagena,12/01/2026,30.3
Bogota,13/01/2026,14.7
Medellin,13/01/2026,22.7
Cali,13/01/2026,28.6
Barranquilla,13/01/2026,30.0
Cartagena,13/01/2026,29.1
Bogota,14/01/2026,15.5
Medellin,14/01/2026,25.6
Cali,14/01/2026,29.4
Barranquilla,14/01/2026,32.5
Cartagena,14/01/2026,29.6
Bogota,15/01/2026,13.1
Medellin,15/01/2026,23.5
Cali,15/01/2026,29.2
Barranquilla,15/01/2026,28.3
Cartagena,15/01/2026,31.6
Bogota,16/01/2026,15.4
Medellin,16/01/2026,23.2
Cali,16/01/2026,25.0
Barranquilla,16/01/2026,31.1
Cartagena,16/01/2026,29.3
Bogota,17/01/2026,14.8
Medellin,17/01/2026,22.1
Cali,17/01/2026,27.4
Barranquilla,17/01/2026,30.6
Cartagena,17/01/2026,29.5
Bogota,18/01/2026,12.6
Medellin,18/01/2026,25.9
Cali,18/01/2026,24.1
Barranquilla,18/01/2026,30.4
Cartagena,18/01/2026,32.6
Bogota,19/01/2026,12.9
Medellin,19/01/2026,25.7
Cali,19/01/2026,29.3
Barranquilla,19/01/2026,29.6
Cartagena,19/01/2026,27.8
Bogota,20/01/2026,15.6
Medellin,20/01/2026,23.4
Cali,20/01/2026,29.9
Barranquilla,20/01/2026,31.0
Cartagena,20/01/2026,29.2
Bogota,21/01/2026,17.0
Medellin,21/01/2026,25.5
Cali,21/01/2026,27.6
Barranquilla,21/01/2026,31.1
Cartagena,21/01/2026,31.8
Bogota,22/01/2026,15.9
Medellin,22/01/2026,21.4
Cali,22/01/2026,25.6
Barranquilla,22/01/2026,28.4
Cartagena,22/01/2026,29.6
Bogota,23/01/2026,16.4
Medellin,23/01/2026,25.3
Cali,23/01/2026,29.5
Barranquilla,23/01/2026,29.1
Cartagena,23/01/2026,27.4
Bogota,24/01/2026,16.3
Medellin,24/01/2026,25.5
Cali,24/01/2026,26.0
Barranquilla,24/01/2026,31.7
Cartagena,24/01/2026,30.9
Bogota,25/01/2026,14.4
Medellin,25/01/2026,23.4
Cali,25/01/2026,29.3
Barranquilla,25/01/2026,32.8
Cartagena,25/01/2026,31.8
Bogota,26/01/2026,12.0
Medellin,26/01/2026,25.8
Cali,26/01/2026,28.9
Barranquilla,26/01/2026,30.8
Cartagena,26/01/2026,32.0
Bogota,27/01/2026,13.9
Medellin,27/01/2026,20.4
Cali,27/01/2026,26.9
Barranquilla,27/01/2026,31.6
Cartagena,27/01/2026,28.7
Bogota,28/01/2026,12.1
Medellin,28/01/2026,23.1
Cali,28/01/2026,27.6
Barranquilla,28/01/2026,31.7
Cartagena,28/01/2026,32.5
Bogota,29/01/2026,14.6
Medellin,29/01/2026,24.5
Cali,29/01/2026,24.6
Barranquilla,29/01/2026,30.5
Cartagena,29/01/2026,27.7
Bogota,30/01/2026,12.2
Medellin,30/01/2026,23.6
Cali,30/01/2026,26.6
Barranquilla,30/01/2026,33.4
Cartagena,30/01/2026,28.1
Bogota,31/01/2026,14.8
Medellin,31/01/2026,24.8
Cali,31/01/2026,26.3
Barranquilla,31/01/2026,33.3
Cartagena,31/01/2026,32.6
Bogota,01/02/2026,15.6
Medellin,01/02/2026,22.9
Cali,01/02/2026,26.2
Barranquilla,01/02/2026,29.4
Cartagena,01/02/2026,29.4
Bogota,02/02/2026,14.5
Medellin,02/02/2026,23.2
Cali,02/02/2026,29.3
Barranquilla,02/02/2026,28.0
Cartagena,02/02/2026,30.0
Bogota,03/02/2026,13.9
Medellin,03/02/2026,20.3
Cali,03/02/2026,30.0
Barranquilla,03/02/2026,31.3
Cartagena,03/02/2026,32.2
Bogota,04/02/2026,15.8
Medellin,04/02/2026,22.9
Cali,04/02/2026,26.4
Barranquilla,04/02/2026,30.7
Cartagena,04/02/2026,28.3
Bogota,05/02/2026,12.5
Medellin,05/02/2026,24.3
Cali,05/02/2026,25.2
Barranquilla,05/02/2026,32.6
Cartagena,05/02/2026,27.3
Bogota,06/02/2026,12.5
Medellin,06/02/2026,25.4
Cali,06/02/2026,26.8
Barranquilla,06/02/2026,30.4
Cartagena,06/02/2026,27.9
Bogota,07/02/2026,12.7
Medellin,07/02/2026,25.1
Cali,07/02/2026,27.3
Barranquilla,07/02/2026,29.6
Cartagena,07/02/2026,29.7
Bogota,08/02/2026,16.1
Medellin,08/02/2026,22.4
Cali,08/02/2026,27.9
Barranquilla,08/02/2026,30.0
Cartagena,08/02/2026,31.8
Bogota,09/02/2026,16.6
Medellin,09/02/2026,25.8
Cali,09/02/2026,24.9
Barranquilla,09/02/2026,28.5
Cartagena,09/02/2026,30.5
Bogota,10/02/2026,15.2
Medellin,10/02/2026,23.7
Cali,10/02/2026,25.3
Barranquilla,10/02/2026,33.4
Cartagena,10/02/2026,28.7
Bogota,11/02/2026,14.2
Medellin,11/02/2026,20.3
Cali,11/02/2026,25.5
Barranquilla,11/02/2026,31.0
Cartagena,11/02/2026,31.4
Bogota,12/02/2026,15.2
Medellin,12/02/2026,22.5
Cali,12/02/2026,26.3
Barranquilla,12/02/2026,33.2
Cartagena,12/02/2026,27.9
Bogota,13/02/2026,12.1
Medellin,13/02/2026,21.0
Cali,13/02/2026,29.9
Barranquilla,13/02/2026,31.3
Cartagena,13/02/2026,31.3
Bogota,14/02/2026,12.7
Medellin,14/02/2026,22.0
Cali,14/02/2026,29.3
Barranquilla,14/02/2026,28.7
Cartagena,14/02/2026,31.8
Bogota,15/02/2026,14.6
Medellin,15/02/2026,20.8
Cali,15/02/2026,25.4
Barranquilla,15/02/2026,32.0
Cartagena,15/02/2026,29.8
Bogota,16/02/2026,14.1
Medellin,16/02/2026,20.4
Cali,16/02/2026,25.3
Barranquilla,16/02/2026,30.2
Cartagena,16/02/2026,31.1
Bogota,17/02/2026,15.1
Medellin,17/02/2026,24.0
Cali,17/02/2026,27.3
Barranquilla,17/02/2026,28.0
Cartagena,17/02/2026,31.6
Bogota,18/02/2026,13.0
Medellin,18/02/2026,20.5
Cali,18/02/2026,29.1
Barranquilla,18/02/2026,30.1
Cartagena,18/02/2026,28.1
Bogota,19/02/2026,13.3
Medellin,19/02/2026,25.1
Cali,19/02/2026,24.2
Barranquilla,19/02/2026,30.9
Cartagena,19/02/2026,31.5
Bogota,20/02/2026,16.6
Medellin,20/02/2026,22.4
Cali,20/02/2026,26.7
Barranquilla,20/02/2026,33.0
Cartagena,20/02/2026,32.8
Bogota,21/02/2026,13.4
Medellin,21/02/2026,20.8
Cali,21/02/2026,28.4
Barranquilla,21/02/2026,31.8
Cartagena,21/02/2026,32.0
Bogota,22/02/2026,12.8
Medellin,22/02/2026,23.8
Cali,22/02/2026,29.6
Barranquilla,22/02/2026,32.5
Cartagena,22/02/2026,27.1
Bogota,23/02/2026,14.6
Medellin,23/02/2026,23.8
Cali,23/02/2026,27.8
Barranquilla,23/02/2026,33.6
Cartagena,23/02/2026,28.2
Bogota,24/02/2026,15.0
Medellin,24/02/2026,24.9
Cali,24/02/2026,29.1
Barranquilla,24/02/2026,29.4
Cartagena,24/02/2026,30.4
Bogota,25/02/2026,14.4
Medellin,25/02/2026,25.1
Cali,25/02/2026,28.8
Barranquilla,25/02/2026,29.9
Cartagena,25/02/2026,29.9
Bogota,26/02/2026,14.0
Medellin,26/02/2026,23.3
Cali,26/02/2026,29.1
Barranquilla,26/02/2026,29.6
Cartagena,26/02/2026,30.9
Bogota,27/02/2026,14.1
Medellin,27/02/2026,24.5
Cali,27/02/2026,24.3
Barranquilla,27/02/2026,30.0
Cartagena,27/02/2026,29.8
Bogota,28/02/2026,15.6
Medellin,28/02/2026,23.6
Cali,28/02/2026,27.8
Barranquilla,28/02/2026,28.1
Cartagena,28/02/2026,30.7
Bogota,01/03/2026,12.2
Medellin,01/03/2026,21.7
Cali,01/03/2026,29.9
Barranquilla,01/03/2026,30.1
Cartagena,01/03/2026,32.9
Bogota,02/03/2026,14.4
Medellin,02/03/2026,25.1
Cali,02/03/2026,25.0
Barranquilla,02/03/2026,28.2
Cartagena,02/03/2026,29.9
Bogota,03/03/2026,13.5
Medellin,03/03/2026,22.1
Cali,03/03/2026,27.3
Barranquilla,03/03/2026,30.4
Cartagena,03/03/2026,32.6
Bogota,04/03/2026,16.3
Medellin,04/03/2026,22.5
Cali,04/03/2026,27.2
Barranquilla,04/03/2026,33.9
Cartagena,04/03/2026,29.2
Bogota,05/03/2026,13.2
Medellin,05/03/2026,20.0
Cali,05/03/2026,27.7
Barranquilla,05/03/2026,30.4
Cartagena,05/03/2026,31.1
Bogota,06/03/2026,14.2
Medellin,06/03/2026,25.8
Cali,06/03/2026,29.3
Barranquilla,06/03/2026,29.4
Cartagena,06/03/2026,27.8
Bogota,07/03/2026,15.4
Medellin,07/03/2026,21.0
Cali,07/03/2026,24.9
Barranquilla,07/03/2026,33.2
Cartagena,07/03/2026,28.7
Bogota,08/03/2026,13.1
Medellin,08/03/2026,21.4
Cali,08/03/2026,28.7
Barranquilla,08/03/2026,28.0
Cartagena,08/03/2026,32.7
Bogota,09/03/2026,12.2
Medellin,09/03/2026,21.2
Cali,09/03/2026,24.9
Barranquilla,09/03/2026,33.6
Cartagena,09/03/2026,29.7
Bogota,10/03/2026,16.5
Medellin,10/03/2026,24.7
Cali,10/03/2026,25.3
Barranquilla,10/03/2026,30.6
Cartagena,10/03/2026,32.3
Bogota,11/03/2026,12.2
Medellin,11/03/2026,21.4
Cali,11/03/2026,24.6
Barranquilla,11/03/2026,29.1
Cartagena,11/03/2026,31.3
Bogota,12/03/2026,14.3
Medellin,12/03/2026,22.3
Cali,12/03/2026,24.8
Barranquilla,12/03/2026,29.9
Cartagena,12/03/2026,31.8
Bogota,13/03/2026,16.5
Medellin,13/03/2026,24.5
Cali,13/03/2026,28.7
Barranquilla,13/03/2026,28.2
Cartagena,13/03/2026,29.1
Bogota,14/03/2026,13.1
Medellin,14/03/2026,21.7
Cali,14/03/2026,28.0
Barranquilla,14/03/2026,28.4
Cartagena,14/03/2026,30.0
Bogota,15/03/2026,12.1
Medellin,15/03/2026,21.4
Cali,15/03/2026,27.9
Barranquilla,15/03/2026,31.2
Cartagena,15/03/2026,27.7
Bogota,16/03/2026,16.9
Medellin,16/03/2026,22.4
Cali,16/03/2026,26.8
Barranquilla,16/03/2026,32.3
Cartagena,16/03/2026,29.7
Bogota,17/03/2026,15.3
Medellin,17/03/2026,23.9
Cali,17/03/2026,29.0
Barranquilla,17/03/2026,28.8
Cartagena,17/03/2026,27.8
Bogota,18/03/2026,16.2
Medellin,18/03/2026,22.3
Cali,18/03/2026,25.7
Barranquilla,18/03/2026,30.6
Cartagena,18/03/2026,29.2
Bogota,19/03/2026,15.2
Medellin,19/03/2026,24.3
Cali,19/03/2026,25.3
Barranquilla,19/03/2026,32.7
Cartagena,19/03/2026,28.7
Bogota,20/03/2026,15.2
Medellin,20/03/2026,22.4
Cali,20/03/2026,27.6
Barranquilla,20/03/2026,28.9
Cartagena,20/03/2026,28.8
Bogota,21/03/2026,12.5
Medellin,21/03/2026,25.9
Cali,21/03/2026,25.5
Barranquilla,21/03/2026,31.1
Cartagena,21/03/2026,31.7
Bogota,22/03/2026,13.8
Medellin,22/03/2026,23.9
Cali,22/03/2026,27.7
Barranquilla,22/03/2026,31.3
Cartagena,22/03/2026,29.4
Bogota,23/03/2026,15.3
Medellin,23/03/2026,24.2
Cali,23/03/2026,24.2
Barranquilla,23/03/2026,33.7
Cartagena,23/03/2026,27.2
Bogota,24/03/2026,15.3
Medellin,24/03/2026,21.2
Cali,24/03/2026,26.9
Barranquilla,24/03/2026,32.8
Cartagena,24/03/2026,29.3
Bogota,25/03/2026,14.4
Medellin,25/03/2026,25.3
Cali,25/03/2026,25.1
Barranquilla,25/03/2026,32.9
Cartagena,25/03/2026,29.8
Bogota,26/03/2026,15.8
Medellin,26/03/2026,23.7
Cali,26/03/2026,24.0
Barranquilla,26/03/2026,28.9
Cartagena,26/03/2026,32.8
Bogota,27/03/2026,14.3
Medellin,27/03/2026,21.0
Cali,27/03/2026,27.0
Barranquilla,27/03/2026,28.1
Cartagena,27/03/2026,30.0
Bogota,28/03/2026,14.0
Medellin,28/03/2026,26.0
Cali,28/03/2026,29.4
Barranquilla,28/03/2026,32.2
Cartagena,28/03/2026,32.5
Bogota,29/03/2026,14.4
Medellin,29/03/2026,25.5
Cali,29/03/2026,27.0
Barranquilla,29/03/2026,33.9
Cartagena,29/03/2026,28.3
Bogota,30/03/2026,12.4
Medellin,30/03/2026,20.4
Cali,30/03/2026,26.4
Barranquilla,30/03/2026,28.5
Cartagena,30/03/2026,31.2
Bogota,31/03/2026,12.3
Medellin,31/03/2026,24.8
Cali,31/03/2026,24.3
Barranquilla,31/03/2026,33.4
Cartagena,31/03/2026,28.1
Bogota,01/04/2026,14.7
Medellin,01/04/2026,21.1
Cali,01/04/2026,25.5
Barranquilla,01/04/2026,28.7
Cartagena,01/04/2026,27.1
Bogota,02/04/2026,13.1
Medellin,02/04/2026,23.6
Cali,02/04/2026,29.9
Barranquilla,02/04/2026,30.6
Cartagena,02/04/2026,27.3
Bogota,03/04/2026,12.4
Medellin,03/04/2026,23.4
Cali,03/04/2026,24.1
Barranquilla,03/04/2026,33.7
Cartagena,03/04/2026,30.9
Bogota,04/04/2026,16.9
Medellin,04/04/2026,25.7
Cali,04/04/2026,28.3
Barranquilla,04/04/2026,30.4
Cartagena,04/04/2026,28.5
Bogota,05/04/2026,13.9
Medellin,05/04/2026,25.9
Cali,05/04/2026,29.2
Barranquilla,05/04/2026,29.0
Cartagena,05/04/2026,29.5
Bogota,06/04/2026,16.7
Medellin,06/04/2026,21.1
Cali,06/04/2026,25.2
Barranquilla,06/04/2026,30.6
Cartagena,06/04/2026,30.3
Bogota,07/04/2026,12.2
Medellin,07/04/2026,20.1
Cali,07/04/2026,26.4
Barranquilla,07/04/2026,32.7
Cartagena,07/04/2026,30.9
Bogota,08/04/2026,14.7
Medellin,08/04/2026,22.0
Cali,08/04/2026,28.9
Barranquilla,08/04/2026,32.1
Cartagena,08/04/2026,27.7
Bogota,09/04/2026,15.8
Medellin,09/04/2026,22.3
Cali,09/04/2026,27.4
Barranquilla,09/04/2026,33.6
Cartagena,09/04/2026,32.7
Bogota,10/04/2026,15.3
Medellin,10/04/2026,23.0
Cali,10/04/2026,27.9
Barranquilla,10/04/2026,30.9
Cartagena,10/04/2026,28.4
Bogota,11/04/2026,15.5
Medellin,11/04/2026,25.1
Cali,11/04/2026,27.2
Barranquilla,11/04/2026,31.6
Cartagena,11/04/2026,27.3
Bogota,12/04/2026,15.9
Medellin,12/04/2026,22.1
Cali,12/04/2026,27.8
Barranquilla,12/04/2026,30.1
Cartagena,12/04/2026,30.3
Bogota,13/04/2026,16.1
Medellin,13/04/2026,21.6
Cali,13/04/2026,28.9
Barranquilla,13/04/2026,31.4
Cartagena,13/04/2026,31.3
Bogota,14/04/2026,12.5
Medellin,14/04/2026,25.4
Cali,14/04/2026,28.9
Barranquilla,14/04/2026,29.8
Cartagena,14/04/2026,28.3
Bogota,15/04/2026,15.6
Medellin,15/04/2026,24.1
Cali,15/04/2026,25.1
Barranquilla,15/04/2026,29.0
Cartagena,15/04/2026,28.4
Bogota,16/04/2026,15.8
Medellin,16/04/2026,20.5
Cali,16/04/2026,27.9
Barranquilla,16/04/2026,31.2
Cartagena,16/04/2026,30.3
Bogota,17/04/2026,14.2
Medellin,17/04/2026,21.6
Cali,17/04/2026,26.9
Barranquilla,17/04/2026,28.3
Cartagena,17/04/2026,27.3
Bogota,18/04/2026,15.8
Medellin,18/04/2026,21.5
Cali,18/04/2026,28.3
Barranquilla,18/04/2026,28.9
Cartagena,18/04/2026,27.7
Bogota,19/04/2026,16.1
Medellin,19/04/2026,22.1
Cali,19/04/2026,25.4
Barranquilla,19/04/2026,29.5
Cartagena,19/04/2026,27.6
Bogota,20/04/2026,12.6
Medellin,20/04/2026,21.1
Cali,20/04/2026,25.4
Barranquilla,20/04/2026,32.9
Cartagena,20/04/2026,31.3
Bogota,21/04/2026,14.6
Medellin,21/04/2026,22.9
Cali,21/04/2026,28.3
Barranquilla,21/04/2026,32.6
Cartagena,21/04/2026,31.9
Bogota,22/04/2026,14.9
Medellin,22/04/2026,24.0
Cali,22/04/2026,28.4
Barranquilla,22/04/2026,29.8
Cartagena,22/04/2026,32.0
Bogota,23/04/2026,16.8
Medellin,23/04/2026,23.2
Cali,23/04/2026,24.1
Barranquilla,23/04/2026,28.8
Cartagena,23/04/2026,29.9
Bogota,24/04/2026,13.2
Medellin,24/04/2026,22.8
Cali,24/04/2026,25.1
Barranquilla,24/04/2026,28.8
Cartagena,24/04/2026,27.4
Bogota,25/04/2026,14.5
Medellin,25/04/2026,22.8
Cali,25/04/2026,28.2
Barranquilla,25/04/2026,29.3
Cartagena,25/04/2026,30.9
Bogota,26/04/2026,12.3
Medellin,26/04/2026,20.2
Cali,26/04/2026,28.5
Barranquilla,26/04/2026,29.7
Cartagena,26/04/2026,31.4